<?xml version="1.0" encoding="UTF-8"?>
<ccd-f2b7c24b-39c0-4ff4-b528-e7a509429572 xmlns="http://www.mlhim.org/xmlns/mlhim2/2_4_3" xmlns:xsi="http://www.w3.org/2001/XMLSchema-instance"
  xsi:schemaLocation="http://www.mlhim.org/xmlns/mlhim2/2_4_3 file:ccd-f2b7c24b-39c0-4ff4-b528-e7a509429572.xsd">
  <el-da1b3744-3e15-4c9a-8dd1-30e9077de89e>
    <!-- AdminEntry -->
    <el-28856084-574f-488f-88e9-5ed2f1fc9eac>
      <!-- entry-links -->
      <data-name>Connected To</data-name>
      <valid-time-begin>2014-04-02T12:17:24Z</valid-time-begin>
      <valid-time-end>2014-06-05T12:17:24Z</valid-time-end>
      <DvURI-dv>http://EpfTuqCW/</DvURI-dv>
      <relation>connected to</relation>
    </el-28856084-574f-488f-88e9-5ed2f1fc9eac>
    <el-e479cd4b-8a05-4f4c-b55c-fde68d6f0dcb>
      <!-- entry-audit -->
      <el-c1ca4c21-0e22-4d1f-a1f0-828f7a7c9e2e>
        <el-ed79e5ce-536b-4d5d-9bca-240b46ce3110>
          <data-name>Originating System ID</data-name>
          <valid-time-begin>2014-03-09T12:17:24Z</valid-time-begin>
          <valid-time-end>2014-10-05T12:17:24Z</valid-time-end>
          <DvString-dv>Pk</DvString-dv>
          <id-name>ID Number</id-name>
          <issuer>Owner</issuer>
          <assignor>Owner</assignor>
        </el-ed79e5ce-536b-4d5d-9bca-240b46ce3110>
        <el-ed86b8c8-88e4-4285-ad84-ecb162329a96>
          <party-name>TQU</party-name>
          <el-4c8a56b0-c452-4b78-a861-1f2a47163693>
            <data-name>External Reference for PartyIdentified</data-name>
            <DvURI-dv>http://AULCRmTZ/</DvURI-dv>
            <relation>Party Associated with the record</relation>
          </el-4c8a56b0-c452-4b78-a861-1f2a47163693>
          <el-c4665b57-b737-4eef-b1a4-46ecd2298121>
            <cluster-subject>PartyIdentified Details (BR)</cluster-subject>
            <el-7117e7ac-d879-4f8b-8719-2892050409e3>
              <el-cc5c08c4-4426-4a68-a59a-b7bef285624d>
                <data-name>Bairro</data-name>
                <DvString-dv>rdTVIXe_.QRUU__USe</DvString-dv>
              </el-cc5c08c4-4426-4a68-a59a-b7bef285624d>
            </el-7117e7ac-d879-4f8b-8719-2892050409e3>
            <el-96017054-3fdb-4819-af9b-892d386c132c>
              <el-f487863a-773e-4f5a-9cc8-a66802d0589f>
                <data-name>Código Postal (Brazil)</data-name>
                <DvString-dv>20510-061</DvString-dv>
              </el-f487863a-773e-4f5a-9cc8-a66802d0589f>
            </el-96017054-3fdb-4819-af9b-892d386c132c>
            <el-43850c7b-d3bf-4888-957b-d00cc97674ab>
              <el-9cc073cf-1640-45cb-a595-4ac1992e6727>
                <data-name>Endereço da Rua</data-name>
                <DvString-dv>n8O_E82NSL</DvString-dv>
              </el-9cc073cf-1640-45cb-a595-4ac1992e6727>
            </el-43850c7b-d3bf-4888-957b-d00cc97674ab>
            <el-8cc87b41-f721-4792-879b-fb07dd9f918c>
              <el-5dd3d0ce-b97f-48ee-925b-05f4cf0a2cb2>
                <data-name>Estados Brasileiros (UF) e o distrito Federal</data-name>
                <DvString-dv>PI</DvString-dv>
              </el-5dd3d0ce-b97f-48ee-925b-05f4cf0a2cb2>
            </el-8cc87b41-f721-4792-879b-fb07dd9f918c>
            <el-e5afc39d-57ba-47eb-ad1d-4d5751d4de3d>
              <el-28b5de47-4bc5-4f80-9eba-240608986e95>
                <data-name>Município</data-name>
                <DvString-dv>EbOR</DvString-dv>
              </el-28b5de47-4bc5-4f80-9eba-240608986e95>
            </el-e5afc39d-57ba-47eb-ad1d-4d5751d4de3d>
            <el-31ce977b-35d0-40a7-977a-2015460a627c>
              <el-6843bb68-d5e3-4eca-96c2-ffedb5f7f936>
                <data-name>Nome</data-name>
                <DvString-dv>ZvBBg-fMD7myhS8cFtInPScB68XT</DvString-dv>
              </el-6843bb68-d5e3-4eca-96c2-ffedb5f7f936>
            </el-31ce977b-35d0-40a7-977a-2015460a627c>
            <el-7d2791b9-bfb4-404f-8dc9-34f3f5a59be2>
              <el-24264eba-781a-4ab7-b08b-d1f227b9c1a5>
                <data-name>Telefone (BR)</data-name>
                <DvString-dv>9981-2799</DvString-dv>
              </el-24264eba-781a-4ab7-b08b-d1f227b9c1a5>
            </el-7d2791b9-bfb4-404f-8dc9-34f3f5a59be2>
          </el-c4665b57-b737-4eef-b1a4-46ecd2298121>
        </el-ed86b8c8-88e4-4285-ad84-ecb162329a96>
        <el-33c82fb2-4656-468c-a737-045fa2560b6d>
          <cluster-subject>System Location (WGS84)</cluster-subject>
          <el-9e3cc8ba-cbf2-402f-b4f8-89c38a7d3e55>
            <el-be2bacd2-2992-447a-bafe-1cda72da8033>
              <data-name>Latitude (Decimal Format)</data-name>
              <DvString-dv>-23.343342</DvString-dv>
            </el-be2bacd2-2992-447a-bafe-1cda72da8033>
          </el-9e3cc8ba-cbf2-402f-b4f8-89c38a7d3e55>
          <el-a2633282-5100-4a61-9a5e-b88785c1664c>
            <el-ee0b9a9b-797b-40cc-96e5-bc5fdc31b525>
              <data-name>Longitude (Decimal Format)</data-name>
              <DvString-dv>98.092391</DvString-dv>
            </el-ee0b9a9b-797b-40cc-96e5-bc5fdc31b525>
          </el-a2633282-5100-4a61-9a5e-b88785c1664c>
        </el-33c82fb2-4656-468c-a737-045fa2560b6d>
        <timestamp>2014-07-18T12:17:24</timestamp>
        <el-83fc62c8-8df8-472a-b590-d8ecea82d695>
          <party-name>gbP</party-name>
          <el-4c8a56b0-c452-4b78-a861-1f2a47163693>
            <data-name>External Reference for PartyIdentified</data-name>
            <DvURI-dv>http://FJhBMJKp/</DvURI-dv>
            <relation>Party Associated with the record</relation>
          </el-4c8a56b0-c452-4b78-a861-1f2a47163693>
          <el-c4665b57-b737-4eef-b1a4-46ecd2298121>
            <cluster-subject>PartyIdentified Details (BR)</cluster-subject>
            <el-7117e7ac-d879-4f8b-8719-2892050409e3>
              <el-cc5c08c4-4426-4a68-a59a-b7bef285624d>
                <data-name>Bairro</data-name>
                <DvString-dv>Og2KNx9f</DvString-dv>
              </el-cc5c08c4-4426-4a68-a59a-b7bef285624d>
            </el-7117e7ac-d879-4f8b-8719-2892050409e3>
            <el-96017054-3fdb-4819-af9b-892d386c132c>
              <el-f487863a-773e-4f5a-9cc8-a66802d0589f>
                <data-name>Código Postal (Brazil)</data-name>
                <DvString-dv>20510-061</DvString-dv>
              </el-f487863a-773e-4f5a-9cc8-a66802d0589f>
            </el-96017054-3fdb-4819-af9b-892d386c132c>
            <el-43850c7b-d3bf-4888-957b-d00cc97674ab>
              <el-9cc073cf-1640-45cb-a595-4ac1992e6727>
                <data-name>Endereço da Rua</data-name>
                <DvString-dv>a0C0FnUjk</DvString-dv>
              </el-9cc073cf-1640-45cb-a595-4ac1992e6727>
            </el-43850c7b-d3bf-4888-957b-d00cc97674ab>
            <el-8cc87b41-f721-4792-879b-fb07dd9f918c>
              <el-5dd3d0ce-b97f-48ee-925b-05f4cf0a2cb2>
                <data-name>Estados Brasileiros (UF) e o distrito Federal</data-name>
                <DvString-dv>AM</DvString-dv>
              </el-5dd3d0ce-b97f-48ee-925b-05f4cf0a2cb2>
            </el-8cc87b41-f721-4792-879b-fb07dd9f918c>
            <el-e5afc39d-57ba-47eb-ad1d-4d5751d4de3d>
              <el-28b5de47-4bc5-4f80-9eba-240608986e95>
                <data-name>Município</data-name>
                <DvString-dv>wb5cDVAKjj3JUQdnz7Vuql</DvString-dv>
              </el-28b5de47-4bc5-4f80-9eba-240608986e95>
            </el-e5afc39d-57ba-47eb-ad1d-4d5751d4de3d>
            <el-31ce977b-35d0-40a7-977a-2015460a627c>
              <el-6843bb68-d5e3-4eca-96c2-ffedb5f7f936>
                <data-name>Nome</data-name>
                <DvString-dv>EK24QjZE6w3F</DvString-dv>
              </el-6843bb68-d5e3-4eca-96c2-ffedb5f7f936>
            </el-31ce977b-35d0-40a7-977a-2015460a627c>
            <el-7d2791b9-bfb4-404f-8dc9-34f3f5a59be2>
              <el-24264eba-781a-4ab7-b08b-d1f227b9c1a5>
                <data-name>Telefone (BR)</data-name>
                <DvString-dv>9981-2799</DvString-dv>
              </el-24264eba-781a-4ab7-b08b-d1f227b9c1a5>
            </el-7d2791b9-bfb4-404f-8dc9-34f3f5a59be2>
          </el-c4665b57-b737-4eef-b1a4-46ecd2298121>
        </el-83fc62c8-8df8-472a-b590-d8ecea82d695>
        <version-id>bn1597lJs4eRtoT</version-id>
      </el-c1ca4c21-0e22-4d1f-a1f0-828f7a7c9e2e>
      <el-ed79e5ce-536b-4d5d-9bca-240b46ce3110>
        <data-name>Originating System ID</data-name>
        <valid-time-begin>2014-12-03T12:17:24</valid-time-begin>
        <valid-time-end>2014-04-11T12:17:24Z</valid-time-end>
        <DvString-dv>AMZAwXDdSeQ6F0Df</DvString-dv>
        <id-name>ID Number</id-name>
        <issuer>Owner</issuer>
        <assignor>Owner</assignor>
      </el-ed79e5ce-536b-4d5d-9bca-240b46ce3110>
      <el-95a6a91d-35a0-4e0d-9a21-fe7257338800>
        <el-ed79e5ce-536b-4d5d-9bca-240b46ce3110>
          <data-name>Originating System ID</data-name>
          <valid-time-begin>2014-12-22T12:17:24</valid-time-begin>
          <valid-time-end>2015-10-08T12:17:24Z</valid-time-end>
          <DvString-dv>iPilIKk1CLT4aG</DvString-dv>
          <id-name>URI</id-name>
          <issuer>Owner</issuer>
          <assignor>Owner</assignor>
        </el-ed79e5ce-536b-4d5d-9bca-240b46ce3110>
        <el-ed86b8c8-88e4-4285-ad84-ecb162329a96>
          <party-name>E.JA8bVTK.0l-pksXhr6LR</party-name>
          <external-ref>
            <data-name>_tutj2rs0TUlk</data-name>
            <DvURI-dv>http://umANLJse/</DvURI-dv>
            <relation>zDIMPRMW.g9</relation>
          </external-ref>
          <el-c4665b57-b737-4eef-b1a4-46ecd2298121>
            <cluster-subject>PartyIdentified Details (BR)</cluster-subject>
            <el-7117e7ac-d879-4f8b-8719-2892050409e3>
              <el-cc5c08c4-4426-4a68-a59a-b7bef285624d>
                <data-name>Bairro</data-name>
                <DvString-dv>tD</DvString-dv>
              </el-cc5c08c4-4426-4a68-a59a-b7bef285624d>
            </el-7117e7ac-d879-4f8b-8719-2892050409e3>
            <el-96017054-3fdb-4819-af9b-892d386c132c>
              <el-f487863a-773e-4f5a-9cc8-a66802d0589f>
                <data-name>Código Postal (Brazil)</data-name>
                <DvString-dv>20510-061</DvString-dv>
              </el-f487863a-773e-4f5a-9cc8-a66802d0589f>
            </el-96017054-3fdb-4819-af9b-892d386c132c>
            <el-43850c7b-d3bf-4888-957b-d00cc97674ab>
              <el-9cc073cf-1640-45cb-a595-4ac1992e6727>
                <data-name>Endereço da Rua</data-name>
                <DvString-dv>qnqIhHm</DvString-dv>
              </el-9cc073cf-1640-45cb-a595-4ac1992e6727>
            </el-43850c7b-d3bf-4888-957b-d00cc97674ab>
            <el-8cc87b41-f721-4792-879b-fb07dd9f918c>
              <el-5dd3d0ce-b97f-48ee-925b-05f4cf0a2cb2>
                <data-name>Estados Brasileiros (UF) e o distrito Federal</data-name>
                <DvString-dv>CE</DvString-dv>
              </el-5dd3d0ce-b97f-48ee-925b-05f4cf0a2cb2>
            </el-8cc87b41-f721-4792-879b-fb07dd9f918c>
            <el-e5afc39d-57ba-47eb-ad1d-4d5751d4de3d>
              <el-28b5de47-4bc5-4f80-9eba-240608986e95>
                <data-name>Município</data-name>
                <DvString-dv>jGrYw1FXaqXLjKJM_WSh</DvString-dv>
              </el-28b5de47-4bc5-4f80-9eba-240608986e95>
            </el-e5afc39d-57ba-47eb-ad1d-4d5751d4de3d>
            <el-31ce977b-35d0-40a7-977a-2015460a627c>
              <el-6843bb68-d5e3-4eca-96c2-ffedb5f7f936>
                <data-name>Nome</data-name>
                <DvString-dv>V8U-DyW2taYxEpZ</DvString-dv>
              </el-6843bb68-d5e3-4eca-96c2-ffedb5f7f936>
            </el-31ce977b-35d0-40a7-977a-2015460a627c>
            <el-7d2791b9-bfb4-404f-8dc9-34f3f5a59be2>
              <el-24264eba-781a-4ab7-b08b-d1f227b9c1a5>
                <data-name>Telefone (BR)</data-name>
                <DvString-dv>9981-2799</DvString-dv>
              </el-24264eba-781a-4ab7-b08b-d1f227b9c1a5>
            </el-7d2791b9-bfb4-404f-8dc9-34f3f5a59be2>
          </el-c4665b57-b737-4eef-b1a4-46ecd2298121>
        </el-ed86b8c8-88e4-4285-ad84-ecb162329a96>
        <el-33c82fb2-4656-468c-a737-045fa2560b6d>
          <cluster-subject>System Location (WGS84)</cluster-subject>
          <el-9e3cc8ba-cbf2-402f-b4f8-89c38a7d3e55>
            <el-be2bacd2-2992-447a-bafe-1cda72da8033>
              <data-name>Latitude (Decimal Format)</data-name>
              <DvString-dv>-23.343342</DvString-dv>
            </el-be2bacd2-2992-447a-bafe-1cda72da8033>
          </el-9e3cc8ba-cbf2-402f-b4f8-89c38a7d3e55>
          <el-a2633282-5100-4a61-9a5e-b88785c1664c>
            <el-ee0b9a9b-797b-40cc-96e5-bc5fdc31b525>
              <data-name>Longitude (Decimal Format)</data-name>
              <DvString-dv>98.092391</DvString-dv>
            </el-ee0b9a9b-797b-40cc-96e5-bc5fdc31b525>
          </el-a2633282-5100-4a61-9a5e-b88785c1664c>
        </el-33c82fb2-4656-468c-a737-045fa2560b6d>
        <timestamp>2014-01-28T12:17:24Z</timestamp>
        <el-83cfaa04-2563-43c0-8411-5a3adc7b12b4>
          <party-name>Self</party-name>
        </el-83cfaa04-2563-43c0-8411-5a3adc7b12b4>
        <version-id>tQd</version-id>
      </el-95a6a91d-35a0-4e0d-9a21-fe7257338800>
      <el-54267114-36a2-4b70-8fad-3508d6379641>
        <data-name>Feeder System ID</data-name>
        <valid-time-begin>2015-02-02T12:17:24</valid-time-begin>
        <valid-time-end>2015-09-07T12:17:24Z</valid-time-end>
        <DvString-dv>PpR</DvString-dv>
        <id-name>ID Number</id-name>
        <issuer>Owner</issuer>
        <assignor>Owner</assignor>
      </el-54267114-36a2-4b70-8fad-3508d6379641>
      <original-content>
        <data-name>KxqOSVGXE3X-03.J</data-name>
        <valid-time-begin>2014-07-13T12:17:24Z</valid-time-begin>
        <valid-time-end>2015-02-19T12:17:24Z</valid-time-end>
        <DvURI-dv>http://rNMwRyLW/</DvURI-dv>
        <relation>fcZNHJA7QzaJ_D_QW5Aritr-2Bwmf</relation>
      </original-content>
    </el-e479cd4b-8a05-4f4c-b55c-fde68d6f0dcb>
    <language>en-us</language>
    <encoding>utf-8</encoding>
    <el-83cfaa04-2563-43c0-8411-5a3adc7b12b4>
      <!-- entry-subject -->
      <party-name>Self</party-name>
    </el-83cfaa04-2563-43c0-8411-5a3adc7b12b4>
    <el-83fc62c8-8df8-472a-b590-d8ecea82d695>
      <!-- entry-provider -->
      <party-name>b2Wzs7PJcCuDvBjI</party-name>
      <el-4c8a56b0-c452-4b78-a861-1f2a47163693>
        <data-name>External Reference for PartyIdentified</data-name>
        <valid-time-begin>2015-01-29T12:17:24Z</valid-time-begin>
        <valid-time-end>2014-08-31T12:17:24Z</valid-time-end>
        <DvURI-dv>http://zRqekNFV/</DvURI-dv>
        <relation>Party Associated with the record</relation>
      </el-4c8a56b0-c452-4b78-a861-1f2a47163693>
      <el-c4665b57-b737-4eef-b1a4-46ecd2298121>
        <cluster-subject>PartyIdentified Details (BR)</cluster-subject>
        <el-7117e7ac-d879-4f8b-8719-2892050409e3>
          <el-cc5c08c4-4426-4a68-a59a-b7bef285624d>
            <data-name>Bairro</data-name>
            <DvString-dv>giy</DvString-dv>
          </el-cc5c08c4-4426-4a68-a59a-b7bef285624d>
        </el-7117e7ac-d879-4f8b-8719-2892050409e3>
        <el-96017054-3fdb-4819-af9b-892d386c132c>
          <el-f487863a-773e-4f5a-9cc8-a66802d0589f>
            <data-name>Código Postal (Brazil)</data-name>
            <DvString-dv>20510-061</DvString-dv>
          </el-f487863a-773e-4f5a-9cc8-a66802d0589f>
        </el-96017054-3fdb-4819-af9b-892d386c132c>
        <el-43850c7b-d3bf-4888-957b-d00cc97674ab>
          <el-9cc073cf-1640-45cb-a595-4ac1992e6727>
            <data-name>Endereço da Rua</data-name>
            <DvString-dv>SaeVf8Q-Sw</DvString-dv>
          </el-9cc073cf-1640-45cb-a595-4ac1992e6727>
        </el-43850c7b-d3bf-4888-957b-d00cc97674ab>
        <el-8cc87b41-f721-4792-879b-fb07dd9f918c>
          <el-5dd3d0ce-b97f-48ee-925b-05f4cf0a2cb2>
            <data-name>Estados Brasileiros (UF) e o distrito Federal</data-name>
            <DvString-dv>DF</DvString-dv>
          </el-5dd3d0ce-b97f-48ee-925b-05f4cf0a2cb2>
        </el-8cc87b41-f721-4792-879b-fb07dd9f918c>
        <el-e5afc39d-57ba-47eb-ad1d-4d5751d4de3d>
          <el-28b5de47-4bc5-4f80-9eba-240608986e95>
            <data-name>Município</data-name>
            <DvString-dv>PJ-bR0xBtiaqdb_a2w</DvString-dv>
          </el-28b5de47-4bc5-4f80-9eba-240608986e95>
        </el-e5afc39d-57ba-47eb-ad1d-4d5751d4de3d>
        <el-31ce977b-35d0-40a7-977a-2015460a627c>
          <el-6843bb68-d5e3-4eca-96c2-ffedb5f7f936>
            <data-name>Nome</data-name>
            <DvString-dv>k4U2mVcLmj.RMJObudUZWROF</DvString-dv>
          </el-6843bb68-d5e3-4eca-96c2-ffedb5f7f936>
        </el-31ce977b-35d0-40a7-977a-2015460a627c>
        <el-7d2791b9-bfb4-404f-8dc9-34f3f5a59be2>
          <el-24264eba-781a-4ab7-b08b-d1f227b9c1a5>
            <data-name>Telefone (BR)</data-name>
            <DvString-dv>9981-2799</DvString-dv>
          </el-24264eba-781a-4ab7-b08b-d1f227b9c1a5>
        </el-7d2791b9-bfb4-404f-8dc9-34f3f5a59be2>
      </el-c4665b57-b737-4eef-b1a4-46ecd2298121>
    </el-83fc62c8-8df8-472a-b590-d8ecea82d695>
    <el-f3fb4579-a301-45c0-97ec-75cea528fef8>
      <el-83fc62c8-8df8-472a-b590-d8ecea82d695>
        <party-name>vuvIOHvmmXse</party-name>
        <el-4c8a56b0-c452-4b78-a861-1f2a47163693>
          <data-name>External Reference for PartyIdentified</data-name>
          <valid-time-begin>2014-05-11T12:17:24</valid-time-begin>
          <valid-time-end>2014-01-18T12:17:24</valid-time-end>
          <DvURI-dv>http://sIUrigHQ/</DvURI-dv>
          <relation>Party Associated with the record</relation>
        </el-4c8a56b0-c452-4b78-a861-1f2a47163693>
        <el-c4665b57-b737-4eef-b1a4-46ecd2298121>
          <cluster-subject>PartyIdentified Details (BR)</cluster-subject>
          <el-7117e7ac-d879-4f8b-8719-2892050409e3>
            <el-cc5c08c4-4426-4a68-a59a-b7bef285624d>
              <data-name>Bairro</data-name>
              <DvString-dv>oxwMBvL1TCnN3-SxjXGePhArThAyX</DvString-dv>
            </el-cc5c08c4-4426-4a68-a59a-b7bef285624d>
          </el-7117e7ac-d879-4f8b-8719-2892050409e3>
          <el-96017054-3fdb-4819-af9b-892d386c132c>
            <el-f487863a-773e-4f5a-9cc8-a66802d0589f>
              <data-name>Código Postal (Brazil)</data-name>
              <DvString-dv>20510-061</DvString-dv>
            </el-f487863a-773e-4f5a-9cc8-a66802d0589f>
          </el-96017054-3fdb-4819-af9b-892d386c132c>
          <el-43850c7b-d3bf-4888-957b-d00cc97674ab>
            <el-9cc073cf-1640-45cb-a595-4ac1992e6727>
              <data-name>Endereço da Rua</data-name>
              <DvString-dv>IhNqT</DvString-dv>
            </el-9cc073cf-1640-45cb-a595-4ac1992e6727>
          </el-43850c7b-d3bf-4888-957b-d00cc97674ab>
          <el-8cc87b41-f721-4792-879b-fb07dd9f918c>
            <el-5dd3d0ce-b97f-48ee-925b-05f4cf0a2cb2>
              <data-name>Estados Brasileiros (UF) e o distrito Federal</data-name>
              <DvString-dv>PA</DvString-dv>
            </el-5dd3d0ce-b97f-48ee-925b-05f4cf0a2cb2>
          </el-8cc87b41-f721-4792-879b-fb07dd9f918c>
          <el-e5afc39d-57ba-47eb-ad1d-4d5751d4de3d>
            <el-28b5de47-4bc5-4f80-9eba-240608986e95>
              <data-name>Município</data-name>
              <DvString-dv>G7wMleWD7otS92Vu5dtFJjNykG</DvString-dv>
            </el-28b5de47-4bc5-4f80-9eba-240608986e95>
          </el-e5afc39d-57ba-47eb-ad1d-4d5751d4de3d>
          <el-31ce977b-35d0-40a7-977a-2015460a627c>
            <el-6843bb68-d5e3-4eca-96c2-ffedb5f7f936>
              <data-name>Nome</data-name>
              <DvString-dv>y5PSPm4dKt8vVNA</DvString-dv>
            </el-6843bb68-d5e3-4eca-96c2-ffedb5f7f936>
          </el-31ce977b-35d0-40a7-977a-2015460a627c>
          <el-7d2791b9-bfb4-404f-8dc9-34f3f5a59be2>
            <el-24264eba-781a-4ab7-b08b-d1f227b9c1a5>
              <data-name>Telefone (BR)</data-name>
              <DvString-dv>9981-2799</DvString-dv>
            </el-24264eba-781a-4ab7-b08b-d1f227b9c1a5>
          </el-7d2791b9-bfb4-404f-8dc9-34f3f5a59be2>
        </el-c4665b57-b737-4eef-b1a4-46ecd2298121>
      </el-83fc62c8-8df8-472a-b590-d8ecea82d695>
      <el-e7be0ef7-95ef-4881-8d02-f06e90282f89>
        <data-name>Participation Function</data-name>
        <valid-time-begin>2014-12-05T12:17:24Z</valid-time-begin>
        <valid-time-end>2015-07-28T12:17:24Z</valid-time-end>
        <DvString-dv>Organization</DvString-dv>
        <terminology-abbrev>FOAF</terminology-abbrev>
        <terminology-name>Friend Of A Friend</terminology-name>
        <terminology-version>0.98</terminology-version>
        <terminology-code>Group</terminology-code>
      </el-e7be0ef7-95ef-4881-8d02-f06e90282f89>
      <el-409b7178-d245-406b-a614-daa8a2a63a0d>
        <data-name>Participation Mode</data-name>
        <valid-time-begin>2015-08-28T12:17:24Z</valid-time-begin>
        <valid-time-end>2015-08-05T12:17:24</valid-time-end>
        <DvString-dv>Agent</DvString-dv>
        <terminology-abbrev>FOAF</terminology-abbrev>
        <terminology-name>Friend Of A Friend</terminology-name>
        <terminology-version>0.98</terminology-version>
        <terminology-code>Agent</terminology-code>
      </el-409b7178-d245-406b-a614-daa8a2a63a0d>
      <start-time>2015-10-12T12:17:24</start-time>
      <end-time>2014-03-19T12:17:24Z</end-time>
    </el-f3fb4579-a301-45c0-97ec-75cea528fef8>
    <el-1c36b42b-993d-42f6-910b-227e280e2de3>
      <data-name>Generic Protocal ID</data-name>
      <valid-time-begin>2015-07-13T12:17:24Z</valid-time-begin>
      <valid-time-end>2014-11-29T12:17:24Z</valid-time-end>
      <DvString-dv>U4KNcK6i9c5Svyk2-o4KsWcw2ZD</DvString-dv>
      <id-name>Protocal ID</id-name>
      <issuer>Owner</issuer>
      <assignor>Owner</assignor>
    </el-1c36b42b-993d-42f6-910b-227e280e2de3>
    <current-state>Start</current-state>
    <el-3f8593d7-1a37-4a60-8a21-27c4039a9024>
      <data-name>Workflow ID</data-name>
      <valid-time-begin>2014-05-31T12:17:24</valid-time-begin>
      <valid-time-end>2014-08-06T12:17:24</valid-time-end>
      <DvURI-dv>http://GwQqWbBX/</DvURI-dv>
      <relation>material information bearer</relation>
    </el-3f8593d7-1a37-4a60-8a21-27c4039a9024>
    <el-b7b86cc2-5d7d-4117-a3f6-625f91586538>
      <el-30b1270f-ee0b-49bc-a645-e87a897359e6>
        <data-name>Attestation View</data-name>
        <valid-time-begin>2014-11-03T12:17:24Z</valid-time-begin>
        <valid-time-end>2014-10-18T12:17:24</valid-time-end>
        <size>1023298570</size>
        <encoding>utf-8</encoding>
        <language>en-us</language>
        <mime-type>PQQf3xnt3</mime-type>
        <compression-type>x2y5aURrx633Rnbg</compression-type>
        <hash-result>L</hash-result>
        <hash-function/>
        <alt-txt/>
        <uri>http://PHUOHWpi/</uri>
        <media-content>717672718383908872758673907884727077827576817086698277706677877270657175</media-content>
      </el-30b1270f-ee0b-49bc-a645-e87a897359e6>
      <el-ba3fa7c7-72e7-48ef-a7e1-e85e0a326620>
        <data-name>Proof</data-name>
        <valid-time-begin>2015-08-27T12:17:24Z</valid-time-begin>
        <valid-time-end>2015-08-08T12:17:24</valid-time-end>
        <size>578123678</size>
        <encoding>utf-8</encoding>
        <language>en-us</language>
        <DvParsable-dv>LIOZC0SyxWYod6i2QkudkHJuUnQn</DvParsable-dv>
        <formalism>duXB4_6wEi156dg-km8UO</formalism>
      </el-ba3fa7c7-72e7-48ef-a7e1-e85e0a326620>
      <el-b5e4d968-d3dc-496c-8e86-e07c505aafd8>
        <data-name>Attestation Reason</data-name>
        <valid-time-begin>2014-08-31T12:17:24</valid-time-begin>
        <valid-time-end>2015-06-18T12:17:24Z</valid-time-end>
        <DvString-dv>release</DvString-dv>
        <terminology-abbrev>DOAP</terminology-abbrev>
        <terminology-name>Description of a Project</terminology-name>
        <terminology-version>0.1</terminology-version>
        <terminology-code>release</terminology-code>
      </el-b5e4d968-d3dc-496c-8e86-e07c505aafd8>
      <el-83fc62c8-8df8-472a-b590-d8ecea82d695>
        <party-name>m3m5uqLyIaa_omoPGWZDOK</party-name>
        <el-4c8a56b0-c452-4b78-a861-1f2a47163693>
          <data-name>External Reference for PartyIdentified</data-name>
          <valid-time-begin>2014-12-12T12:17:24Z</valid-time-begin>
          <valid-time-end>2015-04-10T12:17:24Z</valid-time-end>
          <DvURI-dv>http://VGTjvtAU/</DvURI-dv>
          <relation>Party Associated with the record</relation>
        </el-4c8a56b0-c452-4b78-a861-1f2a47163693>
        <el-c4665b57-b737-4eef-b1a4-46ecd2298121>
          <cluster-subject>PartyIdentified Details (BR)</cluster-subject>
          <el-7117e7ac-d879-4f8b-8719-2892050409e3>
            <el-cc5c08c4-4426-4a68-a59a-b7bef285624d>
              <data-name>Bairro</data-name>
              <DvString-dv>mZfGaoI</DvString-dv>
            </el-cc5c08c4-4426-4a68-a59a-b7bef285624d>
          </el-7117e7ac-d879-4f8b-8719-2892050409e3>
          <el-96017054-3fdb-4819-af9b-892d386c132c>
            <el-f487863a-773e-4f5a-9cc8-a66802d0589f>
              <data-name>Código Postal (Brazil)</data-name>
              <DvString-dv>20510-061</DvString-dv>
            </el-f487863a-773e-4f5a-9cc8-a66802d0589f>
          </el-96017054-3fdb-4819-af9b-892d386c132c>
          <el-43850c7b-d3bf-4888-957b-d00cc97674ab>
            <el-9cc073cf-1640-45cb-a595-4ac1992e6727>
              <data-name>Endereço da Rua</data-name>
              <DvString-dv>ZFFLFXDgG93W</DvString-dv>
            </el-9cc073cf-1640-45cb-a595-4ac1992e6727>
          </el-43850c7b-d3bf-4888-957b-d00cc97674ab>
          <el-8cc87b41-f721-4792-879b-fb07dd9f918c>
            <el-5dd3d0ce-b97f-48ee-925b-05f4cf0a2cb2>
              <data-name>Estados Brasileiros (UF) e o distrito Federal</data-name>
              <DvString-dv>PI</DvString-dv>
            </el-5dd3d0ce-b97f-48ee-925b-05f4cf0a2cb2>
          </el-8cc87b41-f721-4792-879b-fb07dd9f918c>
          <el-e5afc39d-57ba-47eb-ad1d-4d5751d4de3d>
            <el-28b5de47-4bc5-4f80-9eba-240608986e95>
              <data-name>Município</data-name>
              <DvString-dv>m.LmblXuf</DvString-dv>
            </el-28b5de47-4bc5-4f80-9eba-240608986e95>
          </el-e5afc39d-57ba-47eb-ad1d-4d5751d4de3d>
          <el-31ce977b-35d0-40a7-977a-2015460a627c>
            <el-6843bb68-d5e3-4eca-96c2-ffedb5f7f936>
              <data-name>Nome</data-name>
              <DvString-dv>EvO9b2_w18pEEjua</DvString-dv>
            </el-6843bb68-d5e3-4eca-96c2-ffedb5f7f936>
          </el-31ce977b-35d0-40a7-977a-2015460a627c>
          <el-7d2791b9-bfb4-404f-8dc9-34f3f5a59be2>
            <el-24264eba-781a-4ab7-b08b-d1f227b9c1a5>
              <data-name>Telefone (BR)</data-name>
              <DvString-dv>9981-2799</DvString-dv>
            </el-24264eba-781a-4ab7-b08b-d1f227b9c1a5>
          </el-7d2791b9-bfb4-404f-8dc9-34f3f5a59be2>
        </el-c4665b57-b737-4eef-b1a4-46ecd2298121>
      </el-83fc62c8-8df8-472a-b590-d8ecea82d695>
      <time-committed>2014-04-28T12:17:24Z</time-committed>
      <is-pending>true</is-pending>
    </el-b7b86cc2-5d7d-4117-a3f6-625f91586538>
    <el-a2216c60-f0ad-49f4-8f3e-cd2b9850c910>
      <cluster-subject>Test 2.4.3 All Datatypes</cluster-subject>
      <el-bdef65c9-6667-4104-9ad6-505c88e1c636>
        <cluster-subject>Demographics</cluster-subject>
        <el-c7e67d04-c441-436d-b4dd-53fb072a3a5e>
          <el-5794b227-01cc-4fb9-948e-249862363c89>
            <data-name>Gender</data-name>
            <DvString-dv>Female</DvString-dv>
          </el-5794b227-01cc-4fb9-948e-249862363c89>
        </el-c7e67d04-c441-436d-b4dd-53fb072a3a5e>
        <el-afcac1bb-d602-480d-af46-efbbd782b638>
          <el-ddbf045c-70ad-4972-b94f-b84b2fa621d7>
            <data-name>Birthdate</data-name>
          </el-ddbf045c-70ad-4972-b94f-b84b2fa621d7>
        </el-afcac1bb-d602-480d-af46-efbbd782b638>
      </el-bdef65c9-6667-4104-9ad6-505c88e1c636>
      <el-6acdd92b-3bd3-4127-92a1-605403dfedcf>
        <el-82f1c5b2-cd53-4470-93c0-f8cb0299ae59>
          <data-name>Alveolar rhabdomyosarcoma</data-name>
          <valid-time-begin>2015-07-31T12:17:24Z</valid-time-begin>
          <valid-time-end>2014-02-09T12:17:24Z</valid-time-end>
          <valid-trues>Yes</valid-trues>
          <valid-falses>No</valid-falses>
          <DvBoolean-dv>AT</DvBoolean-dv>
        </el-82f1c5b2-cd53-4470-93c0-f8cb0299ae59>
      </el-6acdd92b-3bd3-4127-92a1-605403dfedcf>
      <el-fabaca05-c71c-469d-bbfd-6892ca7c7137>
        <el-35233529-61f5-498a-aea9-69623b677960>
          <data-name>Functionally related to</data-name>
          <valid-time-begin>2015-03-13T12:17:24</valid-time-begin>
          <valid-time-end>2015-05-18T12:17:24</valid-time-end>
          <DvURI-dv>http://FdoQZaNd/</DvURI-dv>
          <relation>functionally related to</relation>
        </el-35233529-61f5-498a-aea9-69623b677960>
      </el-fabaca05-c71c-469d-bbfd-6892ca7c7137>
      <el-ede47a26-a109-4f50-80ef-a8e801c2a929>
        <el-16bfbb03-8e4a-43ed-be4f-d6ff6621b82f>
          <data-name>Consent Type</data-name>
          <valid-time-begin>2015-08-04T12:17:24Z</valid-time-begin>
          <valid-time-end>2014-02-06T12:17:24Z</valid-time-end>
          <DvString-dv>Pharmacokinetics</DvString-dv>
        </el-16bfbb03-8e4a-43ed-be4f-d6ff6621b82f>
      </el-ede47a26-a109-4f50-80ef-a8e801c2a929>
      <el-8111d7f0-419c-475a-80dc-8da5e1bdc187>
        <el-13ba6841-8d08-476a-a70b-dfcbc675686f>
          <data-name>Tuberculosis</data-name>
          <valid-time-begin>2014-10-05T12:17:24</valid-time-begin>
          <valid-time-end>2015-05-10T12:17:24</valid-time-end>
          <DvString-dv>Respiratory tuberculosis, not confirmed bacteriologically or histologically</DvString-dv>
          <terminology-abbrev>ICD-10</terminology-abbrev>
          <terminology-name>International Classification of Diseases - 10th Revision</terminology-name>
          <terminology-version>2010</terminology-version>
          <terminology-code>A18</terminology-code>
        </el-13ba6841-8d08-476a-a70b-dfcbc675686f>
      </el-8111d7f0-419c-475a-80dc-8da5e1bdc187>
      <el-8e711d78-9366-4f42-9f9c-35bbe8bd9d2f>
        <el-ed79e5ce-536b-4d5d-9bca-240b46ce3110>
          <data-name>Originating System ID</data-name>
          <valid-time-begin>2015-09-14T12:17:24Z</valid-time-begin>
          <valid-time-end>2015-03-31T12:17:24</valid-time-end>
          <DvString-dv>xIqw</DvString-dv>
          <id-name>ID Number</id-name>
          <issuer>Owner</issuer>
          <assignor>Owner</assignor>
        </el-ed79e5ce-536b-4d5d-9bca-240b46ce3110>
      </el-8e711d78-9366-4f42-9f9c-35bbe8bd9d2f>
      <el-5e76ad1c-5c94-4221-a804-666576249dca>
        <el-ba3fa7c7-72e7-48ef-a7e1-e85e0a326620>
          <data-name>Proof</data-name>
          <valid-time-begin>2014-02-01T12:17:24</valid-time-begin>
          <valid-time-end>2015-08-03T12:17:24Z</valid-time-end>
          <size>623055074</size>
          <encoding>utf-8</encoding>
          <language>en-us</language>
          <DvParsable-dv>QHXDfoC_-</DvParsable-dv>
          <formalism>NCspK7wa_NO53BIyXh.9</formalism>
        </el-ba3fa7c7-72e7-48ef-a7e1-e85e0a326620>
      </el-5e76ad1c-5c94-4221-a804-666576249dca>
      <el-987ffff7-699d-4e11-a93f-d5cc6e4e45b5>
        <el-a5805f1d-9ed3-475b-8b6d-b0a53574d567>
          <data-name>Diagnóstico Final de Frequência Cardíaca para PALS</data-name>
          <valid-time-begin>2013-12-09T12:17:24Z</valid-time-begin>
          <valid-time-end>2015-06-22T12:17:24Z</valid-time-end>
          <reference-ranges>
            <data-name>FDzfoB6Z</data-name>
            <referencerange-definition>dKwjS.1tt-T_</referencerange-definition>
            <data-range>
              <data-name>akTQ</data-name>
              <lower> </lower>
              <upper> </upper>
              <lower-included>false</lower-included>
              <upper-included>0</upper-included>
              <lower-bounded>0</lower-bounded>
              <upper-bounded>0</upper-bounded>
            </data-range>
            <is-normal>false</is-normal>
          </reference-ranges>
          <normal-status>Frequência Cardíaca Normal</normal-status>
          <DvOrdinal-dv>1</DvOrdinal-dv>
          <symbol>Bradicardia</symbol>
        </el-a5805f1d-9ed3-475b-8b6d-b0a53574d567>
      </el-987ffff7-699d-4e11-a93f-d5cc6e4e45b5>
      <el-feb31aaa-8f71-4849-be0d-4726ef04197d>
        <el-061c1d5a-b002-464b-a52b-c44034a8a0bc>
          <data-name>Número de Fragmentos</data-name>
          <valid-time-begin>2014-05-21T12:17:24</valid-time-begin>
          <valid-time-end>2014-12-14T12:17:24Z</valid-time-end>
          <reference-ranges>
            <data-name>q0hJ9cd_ZQ39uYBS8I7_V3tHx</data-name>
            <referencerange-definition>aOIvrKftI</referencerange-definition>
            <data-range>
              <data-name>z6c</data-name>
              <lower> </lower>
              <upper> </upper>
              <lower-included>true</lower-included>
              <upper-included>0</upper-included>
              <lower-bounded>0</lower-bounded>
              <upper-bounded>true</upper-bounded>
            </data-range>
            <is-normal>true</is-normal>
          </reference-ranges>
          <normal-status/>
          <magnitude>8</magnitude>
          <magnitude-status>=</magnitude-status>
          <error>0</error>
          <accuracy>0</accuracy>
          <el-8f391814-8fd1-481f-99c1-6a211b87418b>
            <data-name>Fragmentos</data-name>
            <DvString-dv>OTR8aSRSXBZwq4WQoprerbC735aa2e</DvString-dv>
          </el-8f391814-8fd1-481f-99c1-6a211b87418b>
        </el-061c1d5a-b002-464b-a52b-c44034a8a0bc>
      </el-feb31aaa-8f71-4849-be0d-4726ef04197d>
      <el-2a45a1b4-0156-4e5b-9664-fd20d8ff4ca0>
        <el-5d5934d7-ec4c-4300-8c67-6ceb680806a4>
          <data-name>Person Vital Signs Temperature Physical Examination Value</data-name>
          <valid-time-begin>2015-06-28T12:17:24Z</valid-time-begin>
          <valid-time-end>2015-03-26T12:17:24Z</valid-time-end>
          <reference-ranges>
            <data-name>hE7LXi</data-name>
            <referencerange-definition>gWxns53Xp9</referencerange-definition>
            <data-range>
              <data-name>tS</data-name>
              <lower> </lower>
              <upper> </upper>
              <lower-included>0</lower-included>
              <upper-included>1</upper-included>
              <lower-bounded>true</lower-bounded>
              <upper-bounded>0</upper-bounded>
            </data-range>
            <is-normal>false</is-normal>
          </reference-ranges>
          <normal-status/>
          <magnitude>-1441165590.2</magnitude>
          <magnitude-status>=</magnitude-status>
          <error>0</error>
          <accuracy>0</accuracy>
          <el-c73aee3b-0952-410e-9861-81b8101161b5>
            <data-name>Body Temperature Units</data-name>
            <DvString-dv>ºF</DvString-dv>
          </el-c73aee3b-0952-410e-9861-81b8101161b5>
        </el-5d5934d7-ec4c-4300-8c67-6ceb680806a4>
      </el-2a45a1b4-0156-4e5b-9664-fd20d8ff4ca0>
      <el-90d5df6f-b3ef-4d53-93d2-de4a5afdb18f>
        <el-0263a2fe-0796-40a1-9a8e-a441dfb352a0>
          <data-name>aaa</data-name>
          <valid-time-begin>2015-04-07T12:17:24</valid-time-begin>
          <valid-time-end>2014-05-30T12:17:24</valid-time-end>
          <reference-ranges>
            <data-name>h2XA8uSk3CLEMuV2T-BLOPbd</data-name>
            <referencerange-definition>eTYzrwq8P</referencerange-definition>
            <data-range>
              <data-name>ePcZN8ZaXA</data-name>
              <lower> </lower>
              <upper> </upper>
              <lower-included>1</lower-included>
              <upper-included>1</upper-included>
              <lower-bounded>true</lower-bounded>
              <upper-bounded>0</upper-bounded>
            </data-range>
            <is-normal>true</is-normal>
          </reference-ranges>
          <normal-status/>
          <magnitude>-1892608744.38</magnitude>
          <magnitude-status>=</magnitude-status>
          <error>0</error>
          <accuracy>0</accuracy>
          <ratio-type>ratio</ratio-type>
          <numerator>1273921813.713</numerator>
          <denominator>122117514.25</denominator>
          <el-ce1eda0c-5f00-439a-9be2-398224c99e66>
            <data-name>mm[Hg]</data-name>
            <DvString-dv>mm[Hg]</DvString-dv>
          </el-ce1eda0c-5f00-439a-9be2-398224c99e66>
          <el-ce1eda0c-5f00-439a-9be2-398224c99e66>
            <data-name>mm[Hg]</data-name>
            <DvString-dv>mm[Hg]</DvString-dv>
          </el-ce1eda0c-5f00-439a-9be2-398224c99e66>
          <ratio-units>
            <data-name>szECQg5vYwdF7cZS42</data-name>
          </ratio-units>
        </el-0263a2fe-0796-40a1-9a8e-a441dfb352a0>
      </el-90d5df6f-b3ef-4d53-93d2-de4a5afdb18f>
      <el-5e0b9977-fa73-42ef-9f38-633f5efc167d>
        <el-626743fe-568b-4bf0-96a0-44b177716ca0>
          <data-name>Data da última menstruação/regra</data-name>
          <valid-time-begin>2015-01-11T12:17:24</valid-time-begin>
          <valid-time-end>2015-03-15T12:17:24Z</valid-time-end>
          <reference-ranges>
            <data-name>ALNEd_crY6-7</data-name>
            <referencerange-definition>ffD9RN3ds.RePfJkAQjpod2_IUrj0</referencerange-definition>
            <data-range>
              <data-name>sJmfSb3tJz3zv3</data-name>
              <lower> </lower>
              <upper> </upper>
              <lower-included>true</lower-included>
              <upper-included>false</upper-included>
              <lower-bounded>false</lower-bounded>
              <upper-bounded>0</upper-bounded>
            </data-range>
            <is-normal>false</is-normal>
          </reference-ranges>
          <normal-status/>
          <dvtemporal-date>2014-09-09</dvtemporal-date>
          <dvtemporal-month>--01Z</dvtemporal-month>
          <dvtemporal-year>1995</dvtemporal-year>
          <dvtemporal-year-month>2007-01Z</dvtemporal-year-month>
        </el-626743fe-568b-4bf0-96a0-44b177716ca0>
      </el-5e0b9977-fa73-42ef-9f38-633f5efc167d>
    </el-a2216c60-f0ad-49f4-8f3e-cd2b9850c910>
  </el-da1b3744-3e15-4c9a-8dd1-30e9077de89e>
</ccd-f2b7c24b-39c0-4ff4-b528-e7a509429572>
