<?xml version="1.0" encoding="UTF-8"?>
<ccd:ccd-8be37f9e-692d-4d7a-a517-08e34789b170 xmlns:mlhim245='http://www.mlhim.org/xmlns/mlhim2/2_4_5'
xmlns:ccd='http://www.mlhim.org/ccd'
xmlns:xsi='http://www.w3.org/2001/XMLSchema-instance'
xsi:schemaLocation='http://www.mlhim.org/xmlns/mlhim2/2_4_5 http://www.ccdgen.com/ccdlib/ccd-8be37f9e-692d-4d7a-a517-08e34789b170.xsd'>
  <ccd:el-03be8eda-7039-47c6-9972-d8c48b26e247> <!-- Entry -->
  <!-- entry-links -->
  <!-- entry-audit -->
  <language>en-US</language>
  <encoding>utf-8</encoding>
  <!-- entry-subject -->
      <ccd:el-7d7d1225-dd95-457e-a838-0bdca7be448f> <!-- Party -->
      <party-name>A. Sample Name</party-name>
      <!-- PI external-ref -->
      <!-- PI details -->
      <ccd:el-c3a94922-7fed-415e-8d8c-6b184b167cdb> <!-- Cluster -->
        <cluster-subject>Address Details (US)</cluster-subject>
        <ccd:el-81450576-b284-4c9c-a48b-fce809dab869> <!-- DvAdapter -->
          <ccd:el-d102a7b2-675c-432c-b7a2-1df1620e1ccc> <!-- DvString -->
            <data-name>Additional Address Line(s) (US)</data-name>
            <!-- Use any subtype of ExceptionalValue here when a value is missing-->
            <valid-time-begin>2001-12-16T15:53:41Z</valid-time-begin>
            <valid-time-end>2014-08-05T19:57:07Z</valid-time-end>
            <DvString-dv>Default String</DvString-dv>
            <language>en-US</language>
          </ccd:el-d102a7b2-675c-432c-b7a2-1df1620e1ccc>
        </ccd:el-81450576-b284-4c9c-a48b-fce809dab869>
        <ccd:el-3f8ea455-9e59-46ac-9889-15ef78040ebf> <!-- DvAdapter -->
          <ccd:el-aea44d76-771e-4c34-ae69-6d37643e96b7> <!-- DvString -->
            <data-name>State Abbreviation (USPS)</data-name>
            <!-- Use any subtype of ExceptionalValue here when a value is missing-->
            <valid-time-begin>1977-08-03T19:45:02Z</valid-time-begin>
            <valid-time-end>1995-01-14T20:10:06Z</valid-time-end>
            <DvString-dv>OK</DvString-dv>
            <language>en-US</language>
          </ccd:el-aea44d76-771e-4c34-ae69-6d37643e96b7>
        </ccd:el-3f8ea455-9e59-46ac-9889-15ef78040ebf>
        <ccd:el-d2bdf7e2-bb37-457f-8782-ee22fb8cee12> <!-- DvAdapter -->
          <ccd:el-ffa9835f-7ff3-4be8-ad9f-0fa536f8b7b8> <!-- DvString -->
            <data-name>Street Number and Name (US)</data-name>
            <!-- Use any subtype of ExceptionalValue here when a value is missing-->
            <valid-time-begin>2016-06-07T18:04:34Z</valid-time-begin>
            <valid-time-end>1992-04-08T21:39:49Z</valid-time-end>
            <DvString-dv>Default String</DvString-dv>
            <language>en-US</language>
          </ccd:el-ffa9835f-7ff3-4be8-ad9f-0fa536f8b7b8>
        </ccd:el-d2bdf7e2-bb37-457f-8782-ee22fb8cee12>
        <ccd:el-ed052649-7ccc-49f7-8de4-54dd37227e3f> <!-- DvAdapter -->
          <ccd:el-9c65478e-5cdf-413b-aa54-ce0574e48374> <!-- DvString -->
            <data-name>Telephone Number (US)</data-name>
            <!-- Use any subtype of ExceptionalValue here when a value is missing-->
            <valid-time-begin>2005-10-29T14:15:15Z</valid-time-begin>
            <valid-time-end>2008-05-16T04:38:22Z</valid-time-end>
            <DvString-dv>111-111-1111</DvString-dv>
            <language>en-US</language>
          </ccd:el-9c65478e-5cdf-413b-aa54-ce0574e48374>
        </ccd:el-ed052649-7ccc-49f7-8de4-54dd37227e3f>
        <ccd:el-4ed453ea-0435-4366-83f4-bb444c2a4885> <!-- DvAdapter -->
          <ccd:el-3a45af86-b8fd-4161-b9e0-4ccf6322493a> <!-- DvString -->
            <data-name>Zip Code (US)</data-name>
            <!-- Use any subtype of ExceptionalValue here when a value is missing-->
            <valid-time-begin>2016-01-27T21:10:09Z</valid-time-begin>
            <valid-time-end>1976-05-29T10:36:13Z</valid-time-end>
            <DvString-dv>17008</DvString-dv>
            <language>en-US</language>
          </ccd:el-3a45af86-b8fd-4161-b9e0-4ccf6322493a>
        </ccd:el-4ed453ea-0435-4366-83f4-bb444c2a4885>
      </ccd:el-c3a94922-7fed-415e-8d8c-6b184b167cdb>
    </ccd:el-7d7d1225-dd95-457e-a838-0bdca7be448f>
  <!-- entry-provider -->
      <ccd:el-6556e8e9-1646-4b38-bab0-72353c13c035> <!-- Party -->
      <party-name>A. Sample Name</party-name>
      <!-- PI external-ref -->
      <ccd:el-fadd4b97-559d-423d-a90f-49a712e6f1bf> <!-- DvURI -->
        <data-name>External Reference for Party - Test 2.4.5</data-name>
        <!-- Use any subtype of ExceptionalValue here when a value is missing-->
        <valid-time-begin>2020-07-25T07:29:28Z</valid-time-begin>
        <valid-time-end>1991-02-04T21:11:11Z</valid-time-end>
        <DvURI-dv>http://www.ccdgen.com</DvURI-dv>
        <relation>Party Associated with the record</relation>
      </ccd:el-fadd4b97-559d-423d-a90f-49a712e6f1bf>
      <!-- PI details -->
      <ccd:el-c3a94922-7fed-415e-8d8c-6b184b167cdb> <!-- Cluster -->
        <cluster-subject>Address Details (US)</cluster-subject>
        <ccd:el-81450576-b284-4c9c-a48b-fce809dab869> <!-- DvAdapter -->
          <ccd:el-d102a7b2-675c-432c-b7a2-1df1620e1ccc> <!-- DvString -->
            <data-name>Additional Address Line(s) (US)</data-name>
            <!-- Use any subtype of ExceptionalValue here when a value is missing-->
            <valid-time-begin>1984-01-21T05:40:16Z</valid-time-begin>
            <valid-time-end>1976-06-17T10:36:10Z</valid-time-end>
            <DvString-dv>Default String</DvString-dv>
            <language>en-US</language>
          </ccd:el-d102a7b2-675c-432c-b7a2-1df1620e1ccc>
        </ccd:el-81450576-b284-4c9c-a48b-fce809dab869>
        <ccd:el-3f8ea455-9e59-46ac-9889-15ef78040ebf> <!-- DvAdapter -->
          <ccd:el-aea44d76-771e-4c34-ae69-6d37643e96b7> <!-- DvString -->
            <data-name>State Abbreviation (USPS)</data-name>
            <!-- Use any subtype of ExceptionalValue here when a value is missing-->
            <valid-time-begin>1986-02-01T08:28:28Z</valid-time-begin>
            <valid-time-end>1994-09-15T21:34:42Z</valid-time-end>
            <DvString-dv>MI</DvString-dv>
            <language>en-US</language>
          </ccd:el-aea44d76-771e-4c34-ae69-6d37643e96b7>
        </ccd:el-3f8ea455-9e59-46ac-9889-15ef78040ebf>
        <ccd:el-d2bdf7e2-bb37-457f-8782-ee22fb8cee12> <!-- DvAdapter -->
          <ccd:el-ffa9835f-7ff3-4be8-ad9f-0fa536f8b7b8> <!-- DvString -->
            <data-name>Street Number and Name (US)</data-name>
            <!-- Use any subtype of ExceptionalValue here when a value is missing-->
            <valid-time-begin>2017-06-12T14:34:59Z</valid-time-begin>
            <valid-time-end>1984-07-10T20:23:00Z</valid-time-end>
            <DvString-dv>Default String</DvString-dv>
            <language>en-US</language>
          </ccd:el-ffa9835f-7ff3-4be8-ad9f-0fa536f8b7b8>
        </ccd:el-d2bdf7e2-bb37-457f-8782-ee22fb8cee12>
        <ccd:el-ed052649-7ccc-49f7-8de4-54dd37227e3f> <!-- DvAdapter -->
          <ccd:el-9c65478e-5cdf-413b-aa54-ce0574e48374> <!-- DvString -->
            <data-name>Telephone Number (US)</data-name>
            <!-- Use any subtype of ExceptionalValue here when a value is missing-->
            <valid-time-begin>2015-01-04T21:28:24Z</valid-time-begin>
            <valid-time-end>2012-09-09T06:33:19Z</valid-time-end>
            <DvString-dv>111-111-1111</DvString-dv>
            <language>en-US</language>
          </ccd:el-9c65478e-5cdf-413b-aa54-ce0574e48374>
        </ccd:el-ed052649-7ccc-49f7-8de4-54dd37227e3f>
        <ccd:el-4ed453ea-0435-4366-83f4-bb444c2a4885> <!-- DvAdapter -->
          <ccd:el-3a45af86-b8fd-4161-b9e0-4ccf6322493a> <!-- DvString -->
            <data-name>Zip Code (US)</data-name>
            <!-- Use any subtype of ExceptionalValue here when a value is missing-->
            <valid-time-begin>1991-01-19T12:10:28Z</valid-time-begin>
            <valid-time-end>1985-09-10T18:39:46Z</valid-time-end>
            <DvString-dv>99489</DvString-dv>
            <language>en-US</language>
          </ccd:el-3a45af86-b8fd-4161-b9e0-4ccf6322493a>
        </ccd:el-4ed453ea-0435-4366-83f4-bb444c2a4885>
      </ccd:el-c3a94922-7fed-415e-8d8c-6b184b167cdb>
    </ccd:el-6556e8e9-1646-4b38-bab0-72353c13c035>
  <!-- other-participations -->
  <!-- protocol-id -->
  <!-- workflow-id -->
  <!-- attestation -->
  <!-- entry-data -->
      <ccd:el-af96cb66-baff-4433-acad-7f5051744b52> <!-- Cluster -->
      <cluster-subject>Example Cluster for AdminEntry</cluster-subject>
      <ccd:el-11469bfc-7346-4c89-b669-5552e2ea5d8b> <!-- DvAdapter -->
        <ccd:el-869a8d90-16d5-4af6-91ec-acc5983ab0f0> <!-- DvBoolean -->
          <data-name>Patient active</data-name>
          <!-- Use any subtype of ExceptionalValue here when a value is missing-->
          <valid-time-begin>1973-02-05T17:58:52Z</valid-time-begin>
          <valid-time-end>2007-10-17T08:09:21Z</valid-time-end>
          <valid-true>yes</valid-true>
        </ccd:el-869a8d90-16d5-4af6-91ec-acc5983ab0f0>
      </ccd:el-11469bfc-7346-4c89-b669-5552e2ea5d8b>
      <ccd:el-1abcc14d-36a6-4e9a-b0e5-1713c458d3cf> <!-- DvAdapter -->
        <ccd:el-5afc20d1-72ec-4d8c-b95d-288346efcbfd> <!-- DvIdentifier -->
          <data-name>Insurance Provider</data-name>
          <!-- Use any subtype of ExceptionalValue here when a value is missing-->
          <valid-time-begin>1975-06-27T08:33:02Z</valid-time-begin>
          <valid-time-end>1997-11-10T12:39:28Z</valid-time-end>
          <DvString-dv>Default ID</DvString-dv>
          <language>en-US</language>
          <id-name>Policy Number</id-name>
          <issuer>Blue Cross Blue Shield</issuer>
          <assignor>Blue Cross Blue Shield</assignor>
        </ccd:el-5afc20d1-72ec-4d8c-b95d-288346efcbfd>
      </ccd:el-1abcc14d-36a6-4e9a-b0e5-1713c458d3cf>
      <ccd:el-0ece4003-e160-4979-9b34-4e01f6362cf1> <!-- DvAdapter -->
        <ccd:el-ef8afb6b-ea90-4664-8eb1-7c0e30af7a1c> <!-- DvMedia -->
          <data-name>Patient Photo</data-name>
          <!-- Use any subtype of ExceptionalValue here when a value is missing-->
          <valid-time-begin>2011-06-14T04:23:05Z</valid-time-begin>
          <valid-time-end>1971-06-15T11:49:02Z</valid-time-end>
          <size>0</size>
          <encoding>utf-8</encoding>
          <language>en-US</language>
          <mime-type>png</mime-type>
          <compression-type>gz</compression-type>
          <hash-result>dshfsoud6y3rwpef838rhf983trgf9e93w8rytgf</hash-result>
          <hash-function>MD5</hash-function>
          <alt-txt>Fake Media entry data.</alt-txt>
          <uri>http://www.mlhim.org/fake_media</uri>
          <!--<media-content></media-content>-->
        </ccd:el-ef8afb6b-ea90-4664-8eb1-7c0e30af7a1c>
      </ccd:el-0ece4003-e160-4979-9b34-4e01f6362cf1>
    </ccd:el-af96cb66-baff-4433-acad-7f5051744b52>
  </ccd:el-03be8eda-7039-47c6-9972-d8c48b26e247>
</ccd:ccd-8be37f9e-692d-4d7a-a517-08e34789b170>
