<?xml version="1.0" encoding="UTF-8"?>
<mlhim2:ccd-a44dba62-f284-477e-a52e-9b491dbb5328 xmlns:mlhim2='http://www.mlhim.org/xmlns/mlhim2'

xmlns:xsi='http://www.w3.org/2001/XMLSchema-instance'
xsi:schemaLocation='http://www.mlhim.org/xmlns/mlhim2 http://www.ccdgen.com/ccdlib/ccd-a44dba62-f284-477e-a52e-9b491dbb5328.xsd'>

  <mlhim2:el-bd273735-a9f0-444c-ba5e-01be70474ed4> <!-- Entry -->
  <!-- entry-links -->
  <!-- entry-audit -->
  <language>en-US</language>
  <encoding>utf-8</encoding>
  <!-- entry-subject -->
      <mlhim2:el-f65a6791-677e-43dd-91d9-242fc3b95676> <!-- Party -->
      <party-name>A. Sample Name</party-name>
      <!-- PI external-ref -->
      <mlhim2:el-0fd62504-570e-462f-866f-4a61f2de2007> <!-- DvURI -->
        <data-name>External Reference for Party</data-name>
        <!-- Use any subtype of ExceptionalValue here when a value is missing-->
        <valid-time-begin>2024-01-12T08:34:03Z</valid-time-begin>
        <valid-time-end>1988-05-14T09:55:52Z</valid-time-end>
        <DvURI-dv>http://www.ccdgen.com</DvURI-dv>
        <relation>Party Associated with the record</relation>
      </mlhim2:el-0fd62504-570e-462f-866f-4a61f2de2007>
      <!-- PI details -->
      <mlhim2:el-282bab25-1725-4f9a-ae05-ca9fca7ea0f6> <!-- Cluster -->
        <cluster-subject>Address Details (US)</cluster-subject>
        <mlhim2:el-d24affc1-a9ff-487a-9029-204f3b4d8e7e> <!-- DvAdapter -->
          <mlhim2:el-75012737-abe7-4d4d-b745-30117d7a9678> <!-- DvString -->
            <data-name>Additional Address Line(s) (US)</data-name>
            <!-- Use any subtype of ExceptionalValue here when a value is missing-->
            <valid-time-begin>2017-01-03T00:39:10Z</valid-time-begin>
            <valid-time-end>2016-03-03T22:12:26Z</valid-time-end>
            <DvString-dv>Default String</DvString-dv>
            <language>en-US</language>
          </mlhim2:el-75012737-abe7-4d4d-b745-30117d7a9678>
        </mlhim2:el-d24affc1-a9ff-487a-9029-204f3b4d8e7e>
        <mlhim2:el-b65ea20c-3768-45cd-a059-004ece61bc89> <!-- DvAdapter -->
          <mlhim2:el-d1576f04-2ef8-4095-a03c-2d2a1aa04659> <!-- DvString -->
            <data-name>City Name (US)</data-name>
            <!-- Use any subtype of ExceptionalValue here when a value is missing-->
            <valid-time-begin>2039-05-31T03:10:32Z</valid-time-begin>
            <valid-time-end>1999-09-11T11:14:43Z</valid-time-end>
            <DvString-dv>Default String</DvString-dv>
            <language>en-US</language>
          </mlhim2:el-d1576f04-2ef8-4095-a03c-2d2a1aa04659>
        </mlhim2:el-b65ea20c-3768-45cd-a059-004ece61bc89>
        <mlhim2:el-77848a52-5adb-41b2-89d6-f8fec018c05a> <!-- DvAdapter -->
          <mlhim2:el-9de2da4e-bdd1-4738-bcb9-1f9f02258de6> <!-- DvString -->
            <data-name>Common Name / Nickname</data-name>
            <!-- Use any subtype of ExceptionalValue here when a value is missing-->
            <valid-time-begin>1983-01-17T15:33:12Z</valid-time-begin>
            <valid-time-end>2036-07-18T10:14:19Z</valid-time-end>
            <DvString-dv>Default String</DvString-dv>
            <language>en-US</language>
          </mlhim2:el-9de2da4e-bdd1-4738-bcb9-1f9f02258de6>
        </mlhim2:el-77848a52-5adb-41b2-89d6-f8fec018c05a>
        <mlhim2:el-2bb59f5a-223e-4b8e-b63f-ed8beb62849e> <!-- DvAdapter -->
          <mlhim2:el-785262d0-dbd5-40e0-93b1-8bcb7209e9d3> <!-- DvString -->
            <data-name>State Abbreviation (USPS)</data-name>
            <!-- Use any subtype of ExceptionalValue here when a value is missing-->
            <valid-time-begin>1994-02-04T19:29:30Z</valid-time-begin>
            <valid-time-end>1970-01-25T18:18:26Z</valid-time-end>
            <DvString-dv>NY</DvString-dv>
            <language>en-US</language>
          </mlhim2:el-785262d0-dbd5-40e0-93b1-8bcb7209e9d3>
        </mlhim2:el-2bb59f5a-223e-4b8e-b63f-ed8beb62849e>
        <mlhim2:el-caa2be1d-3e6c-4cea-b44c-9829d7b23b3f> <!-- DvAdapter -->
          <mlhim2:el-134d0fc5-f1cc-4368-9944-68aefe15db5e> <!-- DvString -->
            <data-name>Street Number and Name (US)</data-name>
            <!-- Use any subtype of ExceptionalValue here when a value is missing-->
            <valid-time-begin>2022-10-20T19:09:11Z</valid-time-begin>
            <valid-time-end>2014-08-24T15:13:35Z</valid-time-end>
            <DvString-dv>Default String</DvString-dv>
            <language>en-US</language>
          </mlhim2:el-134d0fc5-f1cc-4368-9944-68aefe15db5e>
        </mlhim2:el-caa2be1d-3e6c-4cea-b44c-9829d7b23b3f>
        <mlhim2:el-13354334-0250-4041-8b6c-ac7eefa93c88> <!-- DvAdapter -->
          <mlhim2:el-1554c476-2527-4ff2-9e33-e88774397ed9> <!-- DvString -->
            <data-name>Telephone Number (US)</data-name>
            <!-- Use any subtype of ExceptionalValue here when a value is missing-->
            <valid-time-begin>2009-03-20T23:51:53Z</valid-time-begin>
            <valid-time-end>2038-09-04T09:24:21Z</valid-time-end>
            <DvString-dv>111-111-1111</DvString-dv>
            <language>en-US</language>
          </mlhim2:el-1554c476-2527-4ff2-9e33-e88774397ed9>
        </mlhim2:el-13354334-0250-4041-8b6c-ac7eefa93c88>
        <mlhim2:el-c64b7604-6189-412d-bb70-48baba85f366> <!-- DvAdapter -->
          <mlhim2:el-a0580a46-e800-4313-bdd6-a61416e874db> <!-- DvString -->
            <data-name>Zip Code (US)</data-name>
            <!-- Use any subtype of ExceptionalValue here when a value is missing-->
            <valid-time-begin>1970-01-30T06:40:20Z</valid-time-begin>
            <valid-time-end>2041-12-06T08:56:56Z</valid-time-end>
            <DvString-dv>67784</DvString-dv>
            <language>en-US</language>
          </mlhim2:el-a0580a46-e800-4313-bdd6-a61416e874db>
        </mlhim2:el-c64b7604-6189-412d-bb70-48baba85f366>
      </mlhim2:el-282bab25-1725-4f9a-ae05-ca9fca7ea0f6>
    </mlhim2:el-f65a6791-677e-43dd-91d9-242fc3b95676>
  <!-- entry-provider -->
      <mlhim2:el-324f2395-9742-4433-9c87-bac5f039ab42> <!-- Party -->
      <party-name>A. Sample Name</party-name>
      <!-- PI external-ref -->
      <mlhim2:el-0fd62504-570e-462f-866f-4a61f2de2007> <!-- DvURI -->
        <data-name>External Reference for Party</data-name>
        <!-- Use any subtype of ExceptionalValue here when a value is missing-->
        <valid-time-begin>2032-08-10T01:51:14Z</valid-time-begin>
        <valid-time-end>2020-05-11T10:19:41Z</valid-time-end>
        <DvURI-dv>http://www.ccdgen.com</DvURI-dv>
        <relation>Party Associated with the record</relation>
      </mlhim2:el-0fd62504-570e-462f-866f-4a61f2de2007>
      <!-- PI details -->
      <mlhim2:el-282bab25-1725-4f9a-ae05-ca9fca7ea0f6> <!-- Cluster -->
        <cluster-subject>Address Details (US)</cluster-subject>
        <mlhim2:el-d24affc1-a9ff-487a-9029-204f3b4d8e7e> <!-- DvAdapter -->
          <mlhim2:el-75012737-abe7-4d4d-b745-30117d7a9678> <!-- DvString -->
            <data-name>Additional Address Line(s) (US)</data-name>
            <!-- Use any subtype of ExceptionalValue here when a value is missing-->
            <valid-time-begin>1971-11-09T14:27:13Z</valid-time-begin>
            <valid-time-end>1973-02-14T21:26:54Z</valid-time-end>
            <DvString-dv>Default String</DvString-dv>
            <language>en-US</language>
          </mlhim2:el-75012737-abe7-4d4d-b745-30117d7a9678>
        </mlhim2:el-d24affc1-a9ff-487a-9029-204f3b4d8e7e>
        <mlhim2:el-b65ea20c-3768-45cd-a059-004ece61bc89> <!-- DvAdapter -->
          <mlhim2:el-d1576f04-2ef8-4095-a03c-2d2a1aa04659> <!-- DvString -->
            <data-name>City Name (US)</data-name>
            <!-- Use any subtype of ExceptionalValue here when a value is missing-->
            <valid-time-begin>1973-06-03T19:11:11Z</valid-time-begin>
            <valid-time-end>1995-12-28T17:25:17Z</valid-time-end>
            <DvString-dv>Default String</DvString-dv>
            <language>en-US</language>
          </mlhim2:el-d1576f04-2ef8-4095-a03c-2d2a1aa04659>
        </mlhim2:el-b65ea20c-3768-45cd-a059-004ece61bc89>
        <mlhim2:el-77848a52-5adb-41b2-89d6-f8fec018c05a> <!-- DvAdapter -->
          <mlhim2:el-9de2da4e-bdd1-4738-bcb9-1f9f02258de6> <!-- DvString -->
            <data-name>Common Name / Nickname</data-name>
            <!-- Use any subtype of ExceptionalValue here when a value is missing-->
            <valid-time-begin>1984-10-07T17:00:08Z</valid-time-begin>
            <valid-time-end>1994-11-03T00:16:42Z</valid-time-end>
            <DvString-dv>Default String</DvString-dv>
            <language>en-US</language>
          </mlhim2:el-9de2da4e-bdd1-4738-bcb9-1f9f02258de6>
        </mlhim2:el-77848a52-5adb-41b2-89d6-f8fec018c05a>
        <mlhim2:el-2bb59f5a-223e-4b8e-b63f-ed8beb62849e> <!-- DvAdapter -->
          <mlhim2:el-785262d0-dbd5-40e0-93b1-8bcb7209e9d3> <!-- DvString -->
            <data-name>State Abbreviation (USPS)</data-name>
            <!-- Use any subtype of ExceptionalValue here when a value is missing-->
            <valid-time-begin>2038-10-15T09:53:00Z</valid-time-begin>
            <valid-time-end>2025-06-04T23:41:03Z</valid-time-end>
            <DvString-dv>MS</DvString-dv>
            <language>en-US</language>
          </mlhim2:el-785262d0-dbd5-40e0-93b1-8bcb7209e9d3>
        </mlhim2:el-2bb59f5a-223e-4b8e-b63f-ed8beb62849e>
        <mlhim2:el-caa2be1d-3e6c-4cea-b44c-9829d7b23b3f> <!-- DvAdapter -->
          <mlhim2:el-134d0fc5-f1cc-4368-9944-68aefe15db5e> <!-- DvString -->
            <data-name>Street Number and Name (US)</data-name>
            <!-- Use any subtype of ExceptionalValue here when a value is missing-->
            <valid-time-begin>1986-10-03T05:52:11Z</valid-time-begin>
            <valid-time-end>1988-03-07T07:10:39Z</valid-time-end>
            <DvString-dv>Default String</DvString-dv>
            <language>en-US</language>
          </mlhim2:el-134d0fc5-f1cc-4368-9944-68aefe15db5e>
        </mlhim2:el-caa2be1d-3e6c-4cea-b44c-9829d7b23b3f>
        <mlhim2:el-13354334-0250-4041-8b6c-ac7eefa93c88> <!-- DvAdapter -->
          <mlhim2:el-1554c476-2527-4ff2-9e33-e88774397ed9> <!-- DvString -->
            <data-name>Telephone Number (US)</data-name>
            <!-- Use any subtype of ExceptionalValue here when a value is missing-->
            <valid-time-begin>2010-08-15T08:54:26Z</valid-time-begin>
            <valid-time-end>2025-04-16T15:42:23Z</valid-time-end>
            <DvString-dv>111-111-1111</DvString-dv>
            <language>en-US</language>
          </mlhim2:el-1554c476-2527-4ff2-9e33-e88774397ed9>
        </mlhim2:el-13354334-0250-4041-8b6c-ac7eefa93c88>
        <mlhim2:el-c64b7604-6189-412d-bb70-48baba85f366> <!-- DvAdapter -->
          <mlhim2:el-a0580a46-e800-4313-bdd6-a61416e874db> <!-- DvString -->
            <data-name>Zip Code (US)</data-name>
            <!-- Use any subtype of ExceptionalValue here when a value is missing-->
            <valid-time-begin>1988-03-19T13:26:21Z</valid-time-begin>
            <valid-time-end>1970-02-07T07:04:03Z</valid-time-end>
            <DvString-dv>15318</DvString-dv>
            <language>en-US</language>
          </mlhim2:el-a0580a46-e800-4313-bdd6-a61416e874db>
        </mlhim2:el-c64b7604-6189-412d-bb70-48baba85f366>
      </mlhim2:el-282bab25-1725-4f9a-ae05-ca9fca7ea0f6>
    </mlhim2:el-324f2395-9742-4433-9c87-bac5f039ab42>
  <!-- other-participations -->
  <!-- protocol-id -->
  <current-state>default</current-state>
  <!-- workflow-id -->
  <!-- attestation -->
  <!-- entry-data -->
      <mlhim2:el-3c7840a3-89ab-44a9-ac7c-ede249862125> <!-- Cluster -->
      <cluster-subject>Test 2.4.6 : AdminEntry entry-data</cluster-subject>
      <mlhim2:el-6f70c0c2-c10f-4619-b698-e243801e2ef2> <!-- Cluster -->
        <cluster-subject>Test Sub-Cluster</cluster-subject>
        <mlhim2:el-8aff6c15-f828-4948-9222-195c1b2f0954> <!-- DvAdapter -->
          <mlhim2:el-076ad3bf-edbc-4877-827a-4843225e03fb> <!-- DvBoolean -->
            <data-name>Bladder - Test 2.4.6</data-name>
            <!-- Use any subtype of ExceptionalValue here when a value is missing-->
            <valid-time-begin>1996-03-31T14:57:32Z</valid-time-begin>
            <valid-time-end>1975-04-07T18:01:29Z</valid-time-end>
            <valid-true>Yes</valid-true>
          </mlhim2:el-076ad3bf-edbc-4877-827a-4843225e03fb>
        </mlhim2:el-8aff6c15-f828-4948-9222-195c1b2f0954>
        <mlhim2:el-697e8df2-7890-4f44-8442-e7f2beab4425> <!-- DvAdapter -->
          <mlhim2:el-bf1ef816-124a-497b-940d-5093df04d8fe> <!-- DvBoolean -->
            <data-name>Fever duration: 3 weeks or less - Test 2.4.6</data-name>
            <!-- Use any subtype of ExceptionalValue here when a value is missing-->
            <valid-time-begin>1970-10-08T15:52:18Z</valid-time-begin>
            <valid-time-end>2034-04-27T01:04:31Z</valid-time-end>
            <valid-true>YES</valid-true>
          </mlhim2:el-bf1ef816-124a-497b-940d-5093df04d8fe>
        </mlhim2:el-697e8df2-7890-4f44-8442-e7f2beab4425>
        <mlhim2:el-d4fd6e5a-875e-4512-8bdd-492498237341> <!-- DvAdapter -->
          <mlhim2:el-9bf379cd-f2a3-4181-ab0e-5103cb7c921a> <!-- DvCount -->
              <data-name>Heart Rate for Testing 2.4.6</data-name>
            <!-- Use any subtype of ExceptionalValue here when a value is missing-->
              <valid-time-begin>1990-12-21T02:19:17Z</valid-time-begin>
              <valid-time-end>2049-07-12T00:46:30Z</valid-time-end>
            <normal-status>Normal heart rate</normal-status>
              <magnitude>993461</magnitude>
              <mlhim2:magnitude-status>=</mlhim2:magnitude-status>
              <error>0</error>
              <accuracy>0</accuracy>
            <mlhim2:el-baec2a19-ea79-43e0-ba75-a9aed09af816> <!-- DvString -->
              <data-name>bpm Test 2.4.6</data-name>
              <!-- Use any subtype of ExceptionalValue here when a value is missing-->
              <valid-time-begin>1982-07-18T11:56:42Z</valid-time-begin>
              <valid-time-end>1970-11-18T06:59:15Z</valid-time-end>
              <DvString-dv>bpm</DvString-dv>
              <language>en-US</language>
            </mlhim2:el-baec2a19-ea79-43e0-ba75-a9aed09af816>
          </mlhim2:el-9bf379cd-f2a3-4181-ab0e-5103cb7c921a>
        </mlhim2:el-d4fd6e5a-875e-4512-8bdd-492498237341>
      </mlhim2:el-6f70c0c2-c10f-4619-b698-e243801e2ef2>
      <mlhim2:el-3a3396c5-a27f-4440-89f3-5ffd326dde57> <!-- DvAdapter -->
        <mlhim2:el-f3b9115e-13eb-4eb1-8e0f-85119742b194> <!-- DvURI -->
          <data-name>Connected To</data-name>
          <!-- Use any subtype of ExceptionalValue here when a value is missing-->
          <valid-time-begin>2040-09-12T20:21:55Z</valid-time-begin>
          <valid-time-end>2018-10-01T02:19:16Z</valid-time-end>
          <DvURI-dv>http://www.ccdgen.com</DvURI-dv>
          <relation>connected to</relation>
        </mlhim2:el-f3b9115e-13eb-4eb1-8e0f-85119742b194>
      </mlhim2:el-3a3396c5-a27f-4440-89f3-5ffd326dde57>
      <mlhim2:el-e9cbb207-9e89-416c-8b71-7cdb859b3097> <!-- DvAdapter -->
        <mlhim2:el-8746e849-eb18-4cce-8069-bf5617f47c14> <!-- DvString -->
          <data-name>Blood Pressure Device (Test 2.4.6)</data-name>
          <!-- Use any subtype of ExceptionalValue here when a value is missing-->
          <valid-time-begin>2046-07-23T19:23:31Z</valid-time-begin>
          <valid-time-end>2009-10-01T11:10:16Z</valid-time-end>
          <DvString-dv>Aneroid sphygmomanometer</DvString-dv>
          <language>en-US</language>
        </mlhim2:el-8746e849-eb18-4cce-8069-bf5617f47c14>
      </mlhim2:el-e9cbb207-9e89-416c-8b71-7cdb859b3097>
    </mlhim2:el-3c7840a3-89ab-44a9-ac7c-ede249862125>
  </mlhim2:el-bd273735-a9f0-444c-ba5e-01be70474ed4>
</mlhim2:ccd-a44dba62-f284-477e-a52e-9b491dbb5328>
