<?xml version="1.0" encoding="UTF-8"?>
<mlhim2:ccd-7af79fef-9a2b-4f5f-8a94-a3655b4f4e37 xmlns:mlhim2='http://www.mlhim.org/xmlns/mlhim2'

xmlns:xsi='http://www.w3.org/2001/XMLSchema-instance'
xsi:schemaLocation='http://www.mlhim.org/xmlns/mlhim2 http://www.ccdgen.com/ccdlib/ccd-7af79fef-9a2b-4f5f-8a94-a3655b4f4e37.xsd'>

  <mlhim2:el-9ff6b8e1-1d33-4940-af9d-6d61e927f425> <!-- Entry -->
  <!-- entry-links -->
      <mlhim2:el-159554b0-483d-4fb6-be5f-a97282374190> <!-- DvURI -->
      <data-name>attached to - Test 2.4.6</data-name>
      <!-- Use any subtype of ExceptionalValue here when a value is missing-->
      <valid-time-begin>1972-06-25T10:48:22Z</valid-time-begin>
      <valid-time-end>1987-08-28T05:08:03Z</valid-time-end>
      <DvURI-dv>http://www.ccdgen.com</DvURI-dv>
      <relation>http://purl.obolibrary.org/obo/RO_0002371</relation>
    </mlhim2:el-159554b0-483d-4fb6-be5f-a97282374190>
      <mlhim2:el-623ea6b7-0be7-4628-9680-97d7dd883a4c> <!-- DvURI -->
      <data-name>Connected To - Test 2.4.6</data-name>
      <!-- Use any subtype of ExceptionalValue here when a value is missing-->
      <valid-time-begin>2021-10-18T23:32:37Z</valid-time-begin>
      <valid-time-end>1980-03-08T22:13:51Z</valid-time-end>
      <DvURI-dv>http://www.ccdgen.com</DvURI-dv>
      <relation>connected to</relation>
    </mlhim2:el-623ea6b7-0be7-4628-9680-97d7dd883a4c>
  <!-- entry-audit -->
      <mlhim2:el-dd7462f6-44af-485d-b2ba-7233173b7d67> <!-- Audit -->
      <!-- Audit system-id -->
      <mlhim2:el-10195ffb-2f2b-4238-9bf4-ab801bf105e2> <!-- DvIdentifier -->
        <data-name>Originating System ID - Test 2.4.6</data-name>
        <!-- Use any subtype of ExceptionalValue here when a value is missing-->
        <valid-time-begin>2039-03-25T13:58:21Z</valid-time-begin>
        <valid-time-end>2040-02-13T07:22:54Z</valid-time-end>
        <DvString-dv>Default ID</DvString-dv>
        <language>en-US</language>
        <id-name>URI</id-name>
        <issuer>Owner</issuer>
        <assignor>Owner</assignor>
      </mlhim2:el-10195ffb-2f2b-4238-9bf4-ab801bf105e2>
      <!-- Audit system-user -->
      <mlhim2:el-85a52d4b-a8fb-4d0f-a71e-1a7755d597a2> <!-- Party -->
        <party-name>A. Sample Name</party-name>
        <!-- PI external-ref -->
        <mlhim2:el-0fd62504-570e-462f-866f-4a61f2de2007> <!-- DvURI -->
          <data-name>External Reference for Party</data-name>
          <!-- Use any subtype of ExceptionalValue here when a value is missing-->
          <valid-time-begin>2041-12-31T06:17:53Z</valid-time-begin>
          <valid-time-end>2049-02-02T10:57:29Z</valid-time-end>
          <DvURI-dv>http://www.ccdgen.com</DvURI-dv>
          <relation>Party Associated with the record</relation>
        </mlhim2:el-0fd62504-570e-462f-866f-4a61f2de2007>
        <!-- PI details -->
        <mlhim2:el-282bab25-1725-4f9a-ae05-ca9fca7ea0f6> <!-- Cluster -->
          <cluster-subject>Address Details (US)</cluster-subject>
          <mlhim2:el-d24affc1-a9ff-487a-9029-204f3b4d8e7e> <!-- DvAdapter -->
            <mlhim2:el-75012737-abe7-4d4d-b745-30117d7a9678> <!-- DvString -->
              <data-name>Additional Address Line(s) (US)</data-name>
              <!-- Use any subtype of ExceptionalValue here when a value is missing-->
              <valid-time-begin>2039-05-07T07:35:14Z</valid-time-begin>
              <valid-time-end>1970-12-22T23:18:47Z</valid-time-end>
              <DvString-dv>Default String</DvString-dv>
              <language>en-US</language>
            </mlhim2:el-75012737-abe7-4d4d-b745-30117d7a9678>
          </mlhim2:el-d24affc1-a9ff-487a-9029-204f3b4d8e7e>
          <mlhim2:el-b65ea20c-3768-45cd-a059-004ece61bc89> <!-- DvAdapter -->
            <mlhim2:el-d1576f04-2ef8-4095-a03c-2d2a1aa04659> <!-- DvString -->
              <data-name>City Name (US)</data-name>
              <!-- Use any subtype of ExceptionalValue here when a value is missing-->
              <valid-time-begin>1975-06-19T19:49:07Z</valid-time-begin>
              <valid-time-end>1979-07-29T01:46:44Z</valid-time-end>
              <DvString-dv>Default String</DvString-dv>
              <language>en-US</language>
            </mlhim2:el-d1576f04-2ef8-4095-a03c-2d2a1aa04659>
          </mlhim2:el-b65ea20c-3768-45cd-a059-004ece61bc89>
          <mlhim2:el-77848a52-5adb-41b2-89d6-f8fec018c05a> <!-- DvAdapter -->
            <mlhim2:el-9de2da4e-bdd1-4738-bcb9-1f9f02258de6> <!-- DvString -->
              <data-name>Common Name / Nickname</data-name>
              <!-- Use any subtype of ExceptionalValue here when a value is missing-->
              <valid-time-begin>1978-10-06T09:24:08Z</valid-time-begin>
              <valid-time-end>2049-01-22T02:16:01Z</valid-time-end>
              <DvString-dv>Default String</DvString-dv>
              <language>en-US</language>
            </mlhim2:el-9de2da4e-bdd1-4738-bcb9-1f9f02258de6>
          </mlhim2:el-77848a52-5adb-41b2-89d6-f8fec018c05a>
          <mlhim2:el-2bb59f5a-223e-4b8e-b63f-ed8beb62849e> <!-- DvAdapter -->
            <mlhim2:el-785262d0-dbd5-40e0-93b1-8bcb7209e9d3> <!-- DvString -->
              <data-name>State Abbreviation (USPS)</data-name>
              <!-- Use any subtype of ExceptionalValue here when a value is missing-->
              <valid-time-begin>2049-02-07T21:23:54Z</valid-time-begin>
              <valid-time-end>2024-11-30T10:41:46Z</valid-time-end>
              <DvString-dv>IN</DvString-dv>
              <language>en-US</language>
            </mlhim2:el-785262d0-dbd5-40e0-93b1-8bcb7209e9d3>
          </mlhim2:el-2bb59f5a-223e-4b8e-b63f-ed8beb62849e>
          <mlhim2:el-caa2be1d-3e6c-4cea-b44c-9829d7b23b3f> <!-- DvAdapter -->
            <mlhim2:el-134d0fc5-f1cc-4368-9944-68aefe15db5e> <!-- DvString -->
              <data-name>Street Number and Name (US)</data-name>
              <!-- Use any subtype of ExceptionalValue here when a value is missing-->
              <valid-time-begin>1971-04-07T21:28:39Z</valid-time-begin>
              <valid-time-end>2049-01-30T19:28:52Z</valid-time-end>
              <DvString-dv>Default String</DvString-dv>
              <language>en-US</language>
            </mlhim2:el-134d0fc5-f1cc-4368-9944-68aefe15db5e>
          </mlhim2:el-caa2be1d-3e6c-4cea-b44c-9829d7b23b3f>
          <mlhim2:el-13354334-0250-4041-8b6c-ac7eefa93c88> <!-- DvAdapter -->
            <mlhim2:el-1554c476-2527-4ff2-9e33-e88774397ed9> <!-- DvString -->
              <data-name>Telephone Number (US)</data-name>
              <!-- Use any subtype of ExceptionalValue here when a value is missing-->
              <valid-time-begin>2041-08-22T09:09:01Z</valid-time-begin>
              <valid-time-end>1987-07-10T07:04:35Z</valid-time-end>
              <DvString-dv>111-111-1111</DvString-dv>
              <language>en-US</language>
            </mlhim2:el-1554c476-2527-4ff2-9e33-e88774397ed9>
          </mlhim2:el-13354334-0250-4041-8b6c-ac7eefa93c88>
          <mlhim2:el-c64b7604-6189-412d-bb70-48baba85f366> <!-- DvAdapter -->
            <mlhim2:el-a0580a46-e800-4313-bdd6-a61416e874db> <!-- DvString -->
              <data-name>Zip Code (US)</data-name>
              <!-- Use any subtype of ExceptionalValue here when a value is missing-->
              <valid-time-begin>2030-07-30T20:53:03Z</valid-time-begin>
              <valid-time-end>1994-04-26T23:47:18Z</valid-time-end>
              <DvString-dv>51239</DvString-dv>
              <language>en-US</language>
            </mlhim2:el-a0580a46-e800-4313-bdd6-a61416e874db>
          </mlhim2:el-c64b7604-6189-412d-bb70-48baba85f366>
        </mlhim2:el-282bab25-1725-4f9a-ae05-ca9fca7ea0f6>
      </mlhim2:el-85a52d4b-a8fb-4d0f-a71e-1a7755d597a2>
      <!-- Audit location -->
      <mlhim2:el-69820e0d-2bb6-479f-842e-8710e80d6123> <!-- Cluster -->
        <cluster-subject>FAD System Location (WGS84)</cluster-subject>
        <mlhim2:el-84a78cf3-028b-4aff-a17c-fb485a582fbd> <!-- DvAdapter -->
          <mlhim2:el-dcd79d5e-c634-43d0-b17b-a7b340ca182d> <!-- DvString -->
            <data-name>FAD Latitude (Decimal Format)</data-name>
            <!-- Use any subtype of ExceptionalValue here when a value is missing-->
            <valid-time-begin>2004-04-12T12:55:28Z</valid-time-begin>
            <valid-time-end>2046-10-01T14:57:04Z</valid-time-end>
            <DvString-dv>8.1900</DvString-dv>
            <language>en-US</language>
          </mlhim2:el-dcd79d5e-c634-43d0-b17b-a7b340ca182d>
        </mlhim2:el-84a78cf3-028b-4aff-a17c-fb485a582fbd>
        <mlhim2:el-5e002578-74dd-4112-be3e-5754454cbf9a> <!-- DvAdapter -->
          <mlhim2:el-5a29657a-477f-407b-82a8-3dd8c04f1e55> <!-- DvString -->
            <data-name>FAD Longitude (Decimal Format)</data-name>
            <!-- Use any subtype of ExceptionalValue here when a value is missing-->
            <valid-time-begin>1983-01-03T09:58:50Z</valid-time-begin>
            <valid-time-end>2029-09-14T13:53:44Z</valid-time-end>
            <DvString-dv>-74.47</DvString-dv>
            <language>en-US</language>
          </mlhim2:el-5a29657a-477f-407b-82a8-3dd8c04f1e55>
        </mlhim2:el-5e002578-74dd-4112-be3e-5754454cbf9a>
      </mlhim2:el-69820e0d-2bb6-479f-842e-8710e80d6123>
      <timestamp>1984-01-24T05:17:36Z</timestamp>
    </mlhim2:el-dd7462f6-44af-485d-b2ba-7233173b7d67>
  <language>en-US</language>
  <encoding>utf-8</encoding>
  <!-- entry-subject -->
      <mlhim2:el-f65a6791-677e-43dd-91d9-242fc3b95676> <!-- Party -->
      <party-name>A. Sample Name</party-name>
      <!-- PI external-ref -->
      <mlhim2:el-0fd62504-570e-462f-866f-4a61f2de2007> <!-- DvURI -->
        <data-name>External Reference for Party</data-name>
        <!-- Use any subtype of ExceptionalValue here when a value is missing-->
        <valid-time-begin>1995-09-14T02:25:11Z</valid-time-begin>
        <valid-time-end>2035-07-10T20:29:55Z</valid-time-end>
        <DvURI-dv>http://www.ccdgen.com</DvURI-dv>
        <relation>Party Associated with the record</relation>
      </mlhim2:el-0fd62504-570e-462f-866f-4a61f2de2007>
      <!-- PI details -->
      <mlhim2:el-282bab25-1725-4f9a-ae05-ca9fca7ea0f6> <!-- Cluster -->
        <cluster-subject>Address Details (US)</cluster-subject>
        <mlhim2:el-d24affc1-a9ff-487a-9029-204f3b4d8e7e> <!-- DvAdapter -->
          <mlhim2:el-75012737-abe7-4d4d-b745-30117d7a9678> <!-- DvString -->
            <data-name>Additional Address Line(s) (US)</data-name>
            <!-- Use any subtype of ExceptionalValue here when a value is missing-->
            <valid-time-begin>1978-12-03T02:56:58Z</valid-time-begin>
            <valid-time-end>1982-12-17T17:59:10Z</valid-time-end>
            <DvString-dv>Default String</DvString-dv>
            <language>en-US</language>
          </mlhim2:el-75012737-abe7-4d4d-b745-30117d7a9678>
        </mlhim2:el-d24affc1-a9ff-487a-9029-204f3b4d8e7e>
        <mlhim2:el-b65ea20c-3768-45cd-a059-004ece61bc89> <!-- DvAdapter -->
          <mlhim2:el-d1576f04-2ef8-4095-a03c-2d2a1aa04659> <!-- DvString -->
            <data-name>City Name (US)</data-name>
            <!-- Use any subtype of ExceptionalValue here when a value is missing-->
            <valid-time-begin>1988-06-15T03:37:09Z</valid-time-begin>
            <valid-time-end>1992-05-13T21:21:48Z</valid-time-end>
            <DvString-dv>Default String</DvString-dv>
            <language>en-US</language>
          </mlhim2:el-d1576f04-2ef8-4095-a03c-2d2a1aa04659>
        </mlhim2:el-b65ea20c-3768-45cd-a059-004ece61bc89>
        <mlhim2:el-77848a52-5adb-41b2-89d6-f8fec018c05a> <!-- DvAdapter -->
          <mlhim2:el-9de2da4e-bdd1-4738-bcb9-1f9f02258de6> <!-- DvString -->
            <data-name>Common Name / Nickname</data-name>
            <!-- Use any subtype of ExceptionalValue here when a value is missing-->
            <valid-time-begin>2030-03-11T20:54:33Z</valid-time-begin>
            <valid-time-end>1974-02-28T08:35:31Z</valid-time-end>
            <DvString-dv>Default String</DvString-dv>
            <language>en-US</language>
          </mlhim2:el-9de2da4e-bdd1-4738-bcb9-1f9f02258de6>
        </mlhim2:el-77848a52-5adb-41b2-89d6-f8fec018c05a>
        <mlhim2:el-2bb59f5a-223e-4b8e-b63f-ed8beb62849e> <!-- DvAdapter -->
          <mlhim2:el-785262d0-dbd5-40e0-93b1-8bcb7209e9d3> <!-- DvString -->
            <data-name>State Abbreviation (USPS)</data-name>
            <!-- Use any subtype of ExceptionalValue here when a value is missing-->
            <valid-time-begin>1995-06-25T09:44:19Z</valid-time-begin>
            <valid-time-end>2001-07-13T06:40:42Z</valid-time-end>
            <DvString-dv>FM</DvString-dv>
            <language>en-US</language>
          </mlhim2:el-785262d0-dbd5-40e0-93b1-8bcb7209e9d3>
        </mlhim2:el-2bb59f5a-223e-4b8e-b63f-ed8beb62849e>
        <mlhim2:el-caa2be1d-3e6c-4cea-b44c-9829d7b23b3f> <!-- DvAdapter -->
          <mlhim2:el-134d0fc5-f1cc-4368-9944-68aefe15db5e> <!-- DvString -->
            <data-name>Street Number and Name (US)</data-name>
            <!-- Use any subtype of ExceptionalValue here when a value is missing-->
            <valid-time-begin>2030-04-03T17:21:46Z</valid-time-begin>
            <valid-time-end>2029-06-07T03:34:48Z</valid-time-end>
            <DvString-dv>Default String</DvString-dv>
            <language>en-US</language>
          </mlhim2:el-134d0fc5-f1cc-4368-9944-68aefe15db5e>
        </mlhim2:el-caa2be1d-3e6c-4cea-b44c-9829d7b23b3f>
        <mlhim2:el-13354334-0250-4041-8b6c-ac7eefa93c88> <!-- DvAdapter -->
          <mlhim2:el-1554c476-2527-4ff2-9e33-e88774397ed9> <!-- DvString -->
            <data-name>Telephone Number (US)</data-name>
            <!-- Use any subtype of ExceptionalValue here when a value is missing-->
            <valid-time-begin>2029-07-06T14:44:57Z</valid-time-begin>
            <valid-time-end>2041-10-12T11:39:46Z</valid-time-end>
            <DvString-dv>111-111-1111</DvString-dv>
            <language>en-US</language>
          </mlhim2:el-1554c476-2527-4ff2-9e33-e88774397ed9>
        </mlhim2:el-13354334-0250-4041-8b6c-ac7eefa93c88>
        <mlhim2:el-c64b7604-6189-412d-bb70-48baba85f366> <!-- DvAdapter -->
          <mlhim2:el-a0580a46-e800-4313-bdd6-a61416e874db> <!-- DvString -->
            <data-name>Zip Code (US)</data-name>
            <!-- Use any subtype of ExceptionalValue here when a value is missing-->
            <valid-time-begin>2050-10-08T11:09:01Z</valid-time-begin>
            <valid-time-end>2020-03-17T21:28:11Z</valid-time-end>
            <DvString-dv>09221</DvString-dv>
            <language>en-US</language>
          </mlhim2:el-a0580a46-e800-4313-bdd6-a61416e874db>
        </mlhim2:el-c64b7604-6189-412d-bb70-48baba85f366>
      </mlhim2:el-282bab25-1725-4f9a-ae05-ca9fca7ea0f6>
    </mlhim2:el-f65a6791-677e-43dd-91d9-242fc3b95676>
  <!-- entry-provider -->
      <mlhim2:el-324f2395-9742-4433-9c87-bac5f039ab42> <!-- Party -->
      <party-name>A. Sample Name</party-name>
      <!-- PI external-ref -->
      <mlhim2:el-0fd62504-570e-462f-866f-4a61f2de2007> <!-- DvURI -->
        <data-name>External Reference for Party</data-name>
        <!-- Use any subtype of ExceptionalValue here when a value is missing-->
        <valid-time-begin>2032-01-31T09:02:08Z</valid-time-begin>
        <valid-time-end>2025-09-03T17:45:43Z</valid-time-end>
        <DvURI-dv>http://www.ccdgen.com</DvURI-dv>
        <relation>Party Associated with the record</relation>
      </mlhim2:el-0fd62504-570e-462f-866f-4a61f2de2007>
      <!-- PI details -->
      <mlhim2:el-282bab25-1725-4f9a-ae05-ca9fca7ea0f6> <!-- Cluster -->
        <cluster-subject>Address Details (US)</cluster-subject>
        <mlhim2:el-d24affc1-a9ff-487a-9029-204f3b4d8e7e> <!-- DvAdapter -->
          <mlhim2:el-75012737-abe7-4d4d-b745-30117d7a9678> <!-- DvString -->
            <data-name>Additional Address Line(s) (US)</data-name>
            <!-- Use any subtype of ExceptionalValue here when a value is missing-->
            <valid-time-begin>1975-07-31T06:00:11Z</valid-time-begin>
            <valid-time-end>1977-01-19T15:47:01Z</valid-time-end>
            <DvString-dv>Default String</DvString-dv>
            <language>en-US</language>
          </mlhim2:el-75012737-abe7-4d4d-b745-30117d7a9678>
        </mlhim2:el-d24affc1-a9ff-487a-9029-204f3b4d8e7e>
        <mlhim2:el-b65ea20c-3768-45cd-a059-004ece61bc89> <!-- DvAdapter -->
          <mlhim2:el-d1576f04-2ef8-4095-a03c-2d2a1aa04659> <!-- DvString -->
            <data-name>City Name (US)</data-name>
            <!-- Use any subtype of ExceptionalValue here when a value is missing-->
            <valid-time-begin>2000-03-30T08:51:45Z</valid-time-begin>
            <valid-time-end>1985-04-08T01:55:04Z</valid-time-end>
            <DvString-dv>Default String</DvString-dv>
            <language>en-US</language>
          </mlhim2:el-d1576f04-2ef8-4095-a03c-2d2a1aa04659>
        </mlhim2:el-b65ea20c-3768-45cd-a059-004ece61bc89>
        <mlhim2:el-77848a52-5adb-41b2-89d6-f8fec018c05a> <!-- DvAdapter -->
          <mlhim2:el-9de2da4e-bdd1-4738-bcb9-1f9f02258de6> <!-- DvString -->
            <data-name>Common Name / Nickname</data-name>
            <!-- Use any subtype of ExceptionalValue here when a value is missing-->
            <valid-time-begin>2037-04-18T17:55:24Z</valid-time-begin>
            <valid-time-end>2042-11-26T06:03:43Z</valid-time-end>
            <DvString-dv>Default String</DvString-dv>
            <language>en-US</language>
          </mlhim2:el-9de2da4e-bdd1-4738-bcb9-1f9f02258de6>
        </mlhim2:el-77848a52-5adb-41b2-89d6-f8fec018c05a>
        <mlhim2:el-2bb59f5a-223e-4b8e-b63f-ed8beb62849e> <!-- DvAdapter -->
          <mlhim2:el-785262d0-dbd5-40e0-93b1-8bcb7209e9d3> <!-- DvString -->
            <data-name>State Abbreviation (USPS)</data-name>
            <!-- Use any subtype of ExceptionalValue here when a value is missing-->
            <valid-time-begin>2049-02-10T12:06:12Z</valid-time-begin>
            <valid-time-end>2034-12-15T23:20:05Z</valid-time-end>
            <DvString-dv>OK</DvString-dv>
            <language>en-US</language>
          </mlhim2:el-785262d0-dbd5-40e0-93b1-8bcb7209e9d3>
        </mlhim2:el-2bb59f5a-223e-4b8e-b63f-ed8beb62849e>
        <mlhim2:el-caa2be1d-3e6c-4cea-b44c-9829d7b23b3f> <!-- DvAdapter -->
          <mlhim2:el-134d0fc5-f1cc-4368-9944-68aefe15db5e> <!-- DvString -->
            <data-name>Street Number and Name (US)</data-name>
            <!-- Use any subtype of ExceptionalValue here when a value is missing-->
            <valid-time-begin>1972-02-28T01:39:48Z</valid-time-begin>
            <valid-time-end>1989-06-10T08:25:41Z</valid-time-end>
            <DvString-dv>Default String</DvString-dv>
            <language>en-US</language>
          </mlhim2:el-134d0fc5-f1cc-4368-9944-68aefe15db5e>
        </mlhim2:el-caa2be1d-3e6c-4cea-b44c-9829d7b23b3f>
        <mlhim2:el-13354334-0250-4041-8b6c-ac7eefa93c88> <!-- DvAdapter -->
          <mlhim2:el-1554c476-2527-4ff2-9e33-e88774397ed9> <!-- DvString -->
            <data-name>Telephone Number (US)</data-name>
            <!-- Use any subtype of ExceptionalValue here when a value is missing-->
            <valid-time-begin>2047-12-20T18:49:22Z</valid-time-begin>
            <valid-time-end>1971-05-24T05:45:34Z</valid-time-end>
            <DvString-dv>111-111-1111</DvString-dv>
            <language>en-US</language>
          </mlhim2:el-1554c476-2527-4ff2-9e33-e88774397ed9>
        </mlhim2:el-13354334-0250-4041-8b6c-ac7eefa93c88>
        <mlhim2:el-c64b7604-6189-412d-bb70-48baba85f366> <!-- DvAdapter -->
          <mlhim2:el-a0580a46-e800-4313-bdd6-a61416e874db> <!-- DvString -->
            <data-name>Zip Code (US)</data-name>
            <!-- Use any subtype of ExceptionalValue here when a value is missing-->
            <valid-time-begin>2013-04-09T20:00:58Z</valid-time-begin>
            <valid-time-end>2012-08-28T13:48:44Z</valid-time-end>
            <DvString-dv>514160958</DvString-dv>
            <language>en-US</language>
          </mlhim2:el-a0580a46-e800-4313-bdd6-a61416e874db>
        </mlhim2:el-c64b7604-6189-412d-bb70-48baba85f366>
      </mlhim2:el-282bab25-1725-4f9a-ae05-ca9fca7ea0f6>
    </mlhim2:el-324f2395-9742-4433-9c87-bac5f039ab42>
  <!-- other-participations -->
      <mlhim2:el-62171273-a62b-41dd-8917-552f16e10bf7> <!-- Participation -->
      <!-- performer -->
      <mlhim2:el-ff2a2bc6-0dac-4c4c-b640-88d2b43da907> <!-- Party -->
        <party-name>A. Sample Name</party-name>
        <!-- PI external-ref -->
        <mlhim2:el-0fd62504-570e-462f-866f-4a61f2de2007> <!-- DvURI -->
          <data-name>External Reference for Party</data-name>
          <!-- Use any subtype of ExceptionalValue here when a value is missing-->
          <valid-time-begin>1973-07-06T11:29:20Z</valid-time-begin>
          <valid-time-end>2016-05-25T09:51:19Z</valid-time-end>
          <DvURI-dv>http://www.ccdgen.com</DvURI-dv>
          <relation>Party Associated with the record</relation>
        </mlhim2:el-0fd62504-570e-462f-866f-4a61f2de2007>
        <!-- PI details -->
        <mlhim2:el-282bab25-1725-4f9a-ae05-ca9fca7ea0f6> <!-- Cluster -->
          <cluster-subject>Address Details (US)</cluster-subject>
          <mlhim2:el-d24affc1-a9ff-487a-9029-204f3b4d8e7e> <!-- DvAdapter -->
            <mlhim2:el-75012737-abe7-4d4d-b745-30117d7a9678> <!-- DvString -->
              <data-name>Additional Address Line(s) (US)</data-name>
              <!-- Use any subtype of ExceptionalValue here when a value is missing-->
              <valid-time-begin>2045-01-23T21:32:10Z</valid-time-begin>
              <valid-time-end>2025-07-11T20:02:27Z</valid-time-end>
              <DvString-dv>Default String</DvString-dv>
              <language>en-US</language>
            </mlhim2:el-75012737-abe7-4d4d-b745-30117d7a9678>
          </mlhim2:el-d24affc1-a9ff-487a-9029-204f3b4d8e7e>
          <mlhim2:el-b65ea20c-3768-45cd-a059-004ece61bc89> <!-- DvAdapter -->
            <mlhim2:el-d1576f04-2ef8-4095-a03c-2d2a1aa04659> <!-- DvString -->
              <data-name>City Name (US)</data-name>
              <!-- Use any subtype of ExceptionalValue here when a value is missing-->
              <valid-time-begin>1974-08-20T08:36:40Z</valid-time-begin>
              <valid-time-end>2027-11-02T04:06:14Z</valid-time-end>
              <DvString-dv>Default String</DvString-dv>
              <language>en-US</language>
            </mlhim2:el-d1576f04-2ef8-4095-a03c-2d2a1aa04659>
          </mlhim2:el-b65ea20c-3768-45cd-a059-004ece61bc89>
          <mlhim2:el-77848a52-5adb-41b2-89d6-f8fec018c05a> <!-- DvAdapter -->
            <mlhim2:el-9de2da4e-bdd1-4738-bcb9-1f9f02258de6> <!-- DvString -->
              <data-name>Common Name / Nickname</data-name>
              <!-- Use any subtype of ExceptionalValue here when a value is missing-->
              <valid-time-begin>1988-02-05T16:37:41Z</valid-time-begin>
              <valid-time-end>2016-11-09T03:19:04Z</valid-time-end>
              <DvString-dv>Default String</DvString-dv>
              <language>en-US</language>
            </mlhim2:el-9de2da4e-bdd1-4738-bcb9-1f9f02258de6>
          </mlhim2:el-77848a52-5adb-41b2-89d6-f8fec018c05a>
          <mlhim2:el-2bb59f5a-223e-4b8e-b63f-ed8beb62849e> <!-- DvAdapter -->
            <mlhim2:el-785262d0-dbd5-40e0-93b1-8bcb7209e9d3> <!-- DvString -->
              <data-name>State Abbreviation (USPS)</data-name>
              <!-- Use any subtype of ExceptionalValue here when a value is missing-->
              <valid-time-begin>2031-09-20T05:50:55Z</valid-time-begin>
              <valid-time-end>1991-12-02T00:18:51Z</valid-time-end>
              <DvString-dv>MP</DvString-dv>
              <language>en-US</language>
            </mlhim2:el-785262d0-dbd5-40e0-93b1-8bcb7209e9d3>
          </mlhim2:el-2bb59f5a-223e-4b8e-b63f-ed8beb62849e>
          <mlhim2:el-caa2be1d-3e6c-4cea-b44c-9829d7b23b3f> <!-- DvAdapter -->
            <mlhim2:el-134d0fc5-f1cc-4368-9944-68aefe15db5e> <!-- DvString -->
              <data-name>Street Number and Name (US)</data-name>
              <!-- Use any subtype of ExceptionalValue here when a value is missing-->
              <valid-time-begin>2015-08-08T19:08:50Z</valid-time-begin>
              <valid-time-end>2048-01-28T14:10:16Z</valid-time-end>
              <DvString-dv>Default String</DvString-dv>
              <language>en-US</language>
            </mlhim2:el-134d0fc5-f1cc-4368-9944-68aefe15db5e>
          </mlhim2:el-caa2be1d-3e6c-4cea-b44c-9829d7b23b3f>
          <mlhim2:el-13354334-0250-4041-8b6c-ac7eefa93c88> <!-- DvAdapter -->
            <mlhim2:el-1554c476-2527-4ff2-9e33-e88774397ed9> <!-- DvString -->
              <data-name>Telephone Number (US)</data-name>
              <!-- Use any subtype of ExceptionalValue here when a value is missing-->
              <valid-time-begin>1976-02-20T03:43:46Z</valid-time-begin>
              <valid-time-end>2009-07-25T16:35:04Z</valid-time-end>
              <DvString-dv>111-111-1111</DvString-dv>
              <language>en-US</language>
            </mlhim2:el-1554c476-2527-4ff2-9e33-e88774397ed9>
          </mlhim2:el-13354334-0250-4041-8b6c-ac7eefa93c88>
          <mlhim2:el-c64b7604-6189-412d-bb70-48baba85f366> <!-- DvAdapter -->
            <mlhim2:el-a0580a46-e800-4313-bdd6-a61416e874db> <!-- DvString -->
              <data-name>Zip Code (US)</data-name>
              <!-- Use any subtype of ExceptionalValue here when a value is missing-->
              <valid-time-begin>2049-03-24T02:48:08Z</valid-time-begin>
              <valid-time-end>1973-04-13T08:36:27Z</valid-time-end>
              <DvString-dv>23797</DvString-dv>
              <language>en-US</language>
            </mlhim2:el-a0580a46-e800-4313-bdd6-a61416e874db>
          </mlhim2:el-c64b7604-6189-412d-bb70-48baba85f366>
        </mlhim2:el-282bab25-1725-4f9a-ae05-ca9fca7ea0f6>
      </mlhim2:el-ff2a2bc6-0dac-4c4c-b640-88d2b43da907>
      <!-- function -->
      <mlhim2:el-9e2b50ec-6840-471f-ae26-7e86231b42af> <!-- DvCodedString -->
        <data-name>Participation Function</data-name>
        <!-- Use any subtype of ExceptionalValue here when a value is missing-->
        <valid-time-begin>1999-10-03T15:12:21Z</valid-time-begin>
        <valid-time-end>1970-10-05T11:49:05Z</valid-time-end>
        <DvString-dv>Group</DvString-dv>
        <language>en-US</language>
        <terminology-abbrev>FOAF</terminology-abbrev>
        <terminology-name>Friend Of A Friend</terminology-name>
        <terminology-version>0.98</terminology-version>
        <terminology-code>Group</terminology-code>
      </mlhim2:el-9e2b50ec-6840-471f-ae26-7e86231b42af>
      <!-- mode -->
      <mlhim2:el-a87513c2-c768-4cd8-bfae-8333c3690be6> <!-- DvCodedString -->
        <data-name>Participation Mode</data-name>
        <!-- Use any subtype of ExceptionalValue here when a value is missing-->
        <valid-time-begin>2014-06-02T10:25:39Z</valid-time-begin>
        <valid-time-end>2050-04-03T19:54:21Z</valid-time-end>
        <DvString-dv>Agent</DvString-dv>
        <language>en-US</language>
        <terminology-abbrev>FOAF</terminology-abbrev>
        <terminology-name>Friend Of A Friend</terminology-name>
        <terminology-version>0.98</terminology-version>
        <terminology-code>Agent</terminology-code>
      </mlhim2:el-a87513c2-c768-4cd8-bfae-8333c3690be6>
      <start-time>2021-01-13T02:29:51Z</start-time>
      <end-time>2015-04-28T12:31:07Z</end-time>
    </mlhim2:el-62171273-a62b-41dd-8917-552f16e10bf7>
  <!-- protocol-id -->
      <mlhim2:el-45ff9487-53a8-4c57-b53d-07b971ea90e2> <!-- DvIdentifier -->
      <data-name>Generic Protocol ID - Test 2.4.6</data-name>
      <!-- Use any subtype of ExceptionalValue here when a value is missing-->
      <valid-time-begin>2001-01-13T08:50:00Z</valid-time-begin>
      <valid-time-end>2040-08-09T00:04:29Z</valid-time-end>
      <DvString-dv>Default ID</DvString-dv>
      <language>en-US</language>
      <id-name>Protocal ID</id-name>
      <issuer>Owner</issuer>
      <assignor>Owner</assignor>
    </mlhim2:el-45ff9487-53a8-4c57-b53d-07b971ea90e2>
  <current-state>default</current-state>
  <!-- workflow-id -->
      <mlhim2:el-720cd9bd-ad0d-41cd-8556-d4cafd7e2580> <!-- DvURI -->
      <data-name>Workflow ID - Test 2.4.6</data-name>
      <!-- Use any subtype of ExceptionalValue here when a value is missing-->
      <valid-time-begin>2026-07-25T11:42:26Z</valid-time-begin>
      <valid-time-end>2020-03-31T12:46:04Z</valid-time-end>
      <DvURI-dv>http://www.ccdgen.com</DvURI-dv>
      <relation>material information bearer</relation>
    </mlhim2:el-720cd9bd-ad0d-41cd-8556-d4cafd7e2580>
  <!-- attestation -->
  <mlhim2:el-0454a6a1-9bb6-4b82-b4e2-170c4d6f8866> <!-- Attestation -->
      <!-- ATT attested-view -->
      <mlhim2:el-3cc25084-c524-4fcc-91ee-43af6ffc7f4b> <!-- DvMedia -->
        <data-name>Attestation View</data-name>
        <!-- Use any subtype of ExceptionalValue here when a value is missing-->
        <valid-time-begin>2036-12-22T20:11:32Z</valid-time-begin>
        <valid-time-end>2013-02-03T17:44:24Z</valid-time-end>
        <size>0</size>
        <encoding>utf-8</encoding>
        <language>en-US</language>
        <mime-type>png</mime-type>
        <compression-type>gz</compression-type>
        <hash-result>dshfsoud6y3rwpef838rhf983trgf9e93w8rytgf</hash-result>
        <hash-function>MD5</hash-function>
        <alt-txt>Fake Media entry data.</alt-txt>
        <uri>http://www.mlhim.org/fake_media</uri>
        <!--<media-content></media-content>-->
      </mlhim2:el-3cc25084-c524-4fcc-91ee-43af6ffc7f4b>
      <!-- ATT :proof -->
      <mlhim2:el-8b34a627-8165-4088-a30a-cb8fa67fcc81> <!-- DvParsable -->
        <data-name>Proof</data-name>
        <!-- Use any subtype of ExceptionalValue here when a value is missing-->
        <valid-time-begin>2003-12-27T22:12:03Z</valid-time-begin>
        <valid-time-end>2011-08-29T16:20:59Z</valid-time-end>
        <size>0</size>
        <encoding>utf-8</encoding>
        <language>en-US</language>
        <DvParsable-dv>Some parsable information.</DvParsable-dv>
        <formalism>Unknown</formalism>
      </mlhim2:el-8b34a627-8165-4088-a30a-cb8fa67fcc81>
      <!-- ATT reason -->
      <mlhim2:el-1e290419-e6dc-4d16-8e5e-90313e9e1a92> <!-- DvCodedString -->
        <data-name>Attestation Reason</data-name>
        <!-- Use any subtype of ExceptionalValue here when a value is missing-->
        <valid-time-begin>1999-05-09T16:06:06Z</valid-time-begin>
        <valid-time-end>2039-09-05T15:12:57Z</valid-time-end>
        <DvString-dv>release</DvString-dv>
        <language>en-US</language>
        <terminology-abbrev>DOAP</terminology-abbrev>
        <terminology-name>Description of a Project</terminology-name>
        <terminology-version>0.1</terminology-version>
        <terminology-code>release</terminology-code>
      </mlhim2:el-1e290419-e6dc-4d16-8e5e-90313e9e1a92>
      <!-- ATT committer -->
      <mlhim2:el-18e26df4-e216-4caa-aab5-6437a5186abf> <!-- Party -->
        <party-name>A. Sample Name</party-name>
        <!-- PI external-ref -->
        <mlhim2:el-0fd62504-570e-462f-866f-4a61f2de2007> <!-- DvURI -->
          <data-name>External Reference for Party</data-name>
          <!-- Use any subtype of ExceptionalValue here when a value is missing-->
          <valid-time-begin>1975-12-08T05:19:27Z</valid-time-begin>
          <valid-time-end>2003-09-12T11:14:11Z</valid-time-end>
          <DvURI-dv>http://www.ccdgen.com</DvURI-dv>
          <relation>Party Associated with the record</relation>
        </mlhim2:el-0fd62504-570e-462f-866f-4a61f2de2007>
        <!-- PI details -->
        <mlhim2:el-282bab25-1725-4f9a-ae05-ca9fca7ea0f6> <!-- Cluster -->
          <cluster-subject>Address Details (US)</cluster-subject>
          <mlhim2:el-d24affc1-a9ff-487a-9029-204f3b4d8e7e> <!-- DvAdapter -->
            <mlhim2:el-75012737-abe7-4d4d-b745-30117d7a9678> <!-- DvString -->
              <data-name>Additional Address Line(s) (US)</data-name>
              <!-- Use any subtype of ExceptionalValue here when a value is missing-->
              <valid-time-begin>2026-04-22T10:01:47Z</valid-time-begin>
              <valid-time-end>2000-09-15T03:50:07Z</valid-time-end>
              <DvString-dv>Default String</DvString-dv>
              <language>en-US</language>
            </mlhim2:el-75012737-abe7-4d4d-b745-30117d7a9678>
          </mlhim2:el-d24affc1-a9ff-487a-9029-204f3b4d8e7e>
          <mlhim2:el-b65ea20c-3768-45cd-a059-004ece61bc89> <!-- DvAdapter -->
            <mlhim2:el-d1576f04-2ef8-4095-a03c-2d2a1aa04659> <!-- DvString -->
              <data-name>City Name (US)</data-name>
              <!-- Use any subtype of ExceptionalValue here when a value is missing-->
              <valid-time-begin>1991-04-21T06:30:53Z</valid-time-begin>
              <valid-time-end>2032-05-18T10:12:53Z</valid-time-end>
              <DvString-dv>Default String</DvString-dv>
              <language>en-US</language>
            </mlhim2:el-d1576f04-2ef8-4095-a03c-2d2a1aa04659>
          </mlhim2:el-b65ea20c-3768-45cd-a059-004ece61bc89>
          <mlhim2:el-77848a52-5adb-41b2-89d6-f8fec018c05a> <!-- DvAdapter -->
            <mlhim2:el-9de2da4e-bdd1-4738-bcb9-1f9f02258de6> <!-- DvString -->
              <data-name>Common Name / Nickname</data-name>
              <!-- Use any subtype of ExceptionalValue here when a value is missing-->
              <valid-time-begin>2045-02-24T20:56:58Z</valid-time-begin>
              <valid-time-end>2045-02-09T18:14:48Z</valid-time-end>
              <DvString-dv>Default String</DvString-dv>
              <language>en-US</language>
            </mlhim2:el-9de2da4e-bdd1-4738-bcb9-1f9f02258de6>
          </mlhim2:el-77848a52-5adb-41b2-89d6-f8fec018c05a>
          <mlhim2:el-2bb59f5a-223e-4b8e-b63f-ed8beb62849e> <!-- DvAdapter -->
            <mlhim2:el-785262d0-dbd5-40e0-93b1-8bcb7209e9d3> <!-- DvString -->
              <data-name>State Abbreviation (USPS)</data-name>
              <!-- Use any subtype of ExceptionalValue here when a value is missing-->
              <valid-time-begin>2013-11-12T02:14:29Z</valid-time-begin>
              <valid-time-end>1988-06-02T07:42:42Z</valid-time-end>
              <DvString-dv>PA</DvString-dv>
              <language>en-US</language>
            </mlhim2:el-785262d0-dbd5-40e0-93b1-8bcb7209e9d3>
          </mlhim2:el-2bb59f5a-223e-4b8e-b63f-ed8beb62849e>
          <mlhim2:el-caa2be1d-3e6c-4cea-b44c-9829d7b23b3f> <!-- DvAdapter -->
            <mlhim2:el-134d0fc5-f1cc-4368-9944-68aefe15db5e> <!-- DvString -->
              <data-name>Street Number and Name (US)</data-name>
              <!-- Use any subtype of ExceptionalValue here when a value is missing-->
              <valid-time-begin>1973-02-17T04:33:57Z</valid-time-begin>
              <valid-time-end>2021-05-01T08:52:20Z</valid-time-end>
              <DvString-dv>Default String</DvString-dv>
              <language>en-US</language>
            </mlhim2:el-134d0fc5-f1cc-4368-9944-68aefe15db5e>
          </mlhim2:el-caa2be1d-3e6c-4cea-b44c-9829d7b23b3f>
          <mlhim2:el-13354334-0250-4041-8b6c-ac7eefa93c88> <!-- DvAdapter -->
            <mlhim2:el-1554c476-2527-4ff2-9e33-e88774397ed9> <!-- DvString -->
              <data-name>Telephone Number (US)</data-name>
              <!-- Use any subtype of ExceptionalValue here when a value is missing-->
              <valid-time-begin>1978-09-29T14:08:16Z</valid-time-begin>
              <valid-time-end>1997-04-05T09:55:27Z</valid-time-end>
              <DvString-dv>111-111-1111</DvString-dv>
              <language>en-US</language>
            </mlhim2:el-1554c476-2527-4ff2-9e33-e88774397ed9>
          </mlhim2:el-13354334-0250-4041-8b6c-ac7eefa93c88>
          <mlhim2:el-c64b7604-6189-412d-bb70-48baba85f366> <!-- DvAdapter -->
            <mlhim2:el-a0580a46-e800-4313-bdd6-a61416e874db> <!-- DvString -->
              <data-name>Zip Code (US)</data-name>
              <!-- Use any subtype of ExceptionalValue here when a value is missing-->
              <valid-time-begin>2047-05-27T21:42:01Z</valid-time-begin>
              <valid-time-end>1975-01-29T11:56:09Z</valid-time-end>
              <DvString-dv>661519362</DvString-dv>
              <language>en-US</language>
            </mlhim2:el-a0580a46-e800-4313-bdd6-a61416e874db>
          </mlhim2:el-c64b7604-6189-412d-bb70-48baba85f366>
        </mlhim2:el-282bab25-1725-4f9a-ae05-ca9fca7ea0f6>
      </mlhim2:el-18e26df4-e216-4caa-aab5-6437a5186abf>
      <time-committed>2046-01-10T14:21:42Z</time-committed>
      <is-pending>true</is-pending>
</mlhim2:el-0454a6a1-9bb6-4b82-b4e2-170c4d6f8866>
  <!-- entry-data -->
      <mlhim2:el-1baed200-a277-4cec-8ebb-a52ed84dd962> <!-- Cluster -->
      <cluster-subject>Test 2.4.6 : DemographicEntry entry-data</cluster-subject>
      <mlhim2:el-697e8df2-7890-4f44-8442-e7f2beab4425> <!-- DvAdapter -->
        <mlhim2:el-bf1ef816-124a-497b-940d-5093df04d8fe> <!-- DvBoolean -->
          <data-name>Fever duration: 3 weeks or less - Test 2.4.6</data-name>
          <!-- Use any subtype of ExceptionalValue here when a value is missing-->
          <valid-time-begin>2034-11-22T22:46:11Z</valid-time-begin>
          <valid-time-end>2003-08-05T18:21:00Z</valid-time-end>
          <valid-true>YES</valid-true>
        </mlhim2:el-bf1ef816-124a-497b-940d-5093df04d8fe>
      </mlhim2:el-697e8df2-7890-4f44-8442-e7f2beab4425>
      <mlhim2:el-d05d35e1-4452-47a4-a7c5-58d1aac8bf64> <!-- DvAdapter -->
        <mlhim2:el-5ce12b3c-4bd0-4fc2-928f-e27f30c4abe4> <!-- DvBoolean -->
          <data-name>Test DvBoolean for 2.4.6</data-name>
          <!-- Use any subtype of ExceptionalValue here when a value is missing-->
          <valid-time-begin>2002-06-14T07:29:43Z</valid-time-begin>
          <valid-time-end>1999-02-26T17:30:02Z</valid-time-end>
          <valid-true>Yes</valid-true>
        </mlhim2:el-5ce12b3c-4bd0-4fc2-928f-e27f30c4abe4>
      </mlhim2:el-d05d35e1-4452-47a4-a7c5-58d1aac8bf64>
      <mlhim2:el-e9cbb207-9e89-416c-8b71-7cdb859b3097> <!-- DvAdapter -->
        <mlhim2:el-8746e849-eb18-4cce-8069-bf5617f47c14> <!-- DvString -->
          <data-name>Blood Pressure Device (Test 2.4.6)</data-name>
          <!-- Use any subtype of ExceptionalValue here when a value is missing-->
          <valid-time-begin>2004-06-19T04:15:15Z</valid-time-begin>
          <valid-time-end>1978-02-15T11:43:32Z</valid-time-end>
          <DvString-dv>Mercury sphygmomanometer</DvString-dv>
          <language>en-US</language>
        </mlhim2:el-8746e849-eb18-4cce-8069-bf5617f47c14>
      </mlhim2:el-e9cbb207-9e89-416c-8b71-7cdb859b3097>
    </mlhim2:el-1baed200-a277-4cec-8ebb-a52ed84dd962>
  </mlhim2:el-9ff6b8e1-1d33-4940-af9d-6d61e927f425>
</mlhim2:ccd-7af79fef-9a2b-4f5f-8a94-a3655b4f4e37>
