<?xml version="1.0" encoding="UTF-8"?>
<mlhim2:ccd-d382c66e-c4b3-4add-b4f2-f10eb655d7e3 xmlns:mlhim2='http://www.mlhim.org/xmlns/mlhim2'

xmlns:xsi='http://www.w3.org/2001/XMLSchema-instance'
xsi:schemaLocation='http://www.mlhim.org/xmlns/mlhim2 http://www.ccdgen.com/ccdlib/ccd-d382c66e-c4b3-4add-b4f2-f10eb655d7e3.xsd'>

  <mlhim2:el-69245be7-3a9b-45e2-a109-9359e09c3859> <!-- Entry -->
  <!-- entry-links -->
      <mlhim2:el-623ea6b7-0be7-4628-9680-97d7dd883a4c> <!-- DvURI -->
      <data-name>Connected To - Test 2.4.6</data-name>
      <!-- Use any subtype of ExceptionalValue here when a value is missing-->
      <valid-time-begin>2011-08-20T04:47:28Z</valid-time-begin>
      <valid-time-end>2009-08-04T11:36:37Z</valid-time-end>
      <DvURI-dv>http://www.ccdgen.com</DvURI-dv>
      <relation>connected to</relation>
    </mlhim2:el-623ea6b7-0be7-4628-9680-97d7dd883a4c>
  <!-- entry-audit -->
      <mlhim2:el-dd7462f6-44af-485d-b2ba-7233173b7d67> <!-- Audit -->
      <!-- Audit system-id -->
      <mlhim2:el-10195ffb-2f2b-4238-9bf4-ab801bf105e2> <!-- DvIdentifier -->
        <data-name>Originating System ID - Test 2.4.6</data-name>
        <!-- Use any subtype of ExceptionalValue here when a value is missing-->
        <valid-time-begin>1996-05-28T23:02:56Z</valid-time-begin>
        <valid-time-end>2025-06-26T01:01:09Z</valid-time-end>
        <DvString-dv>Default ID</DvString-dv>
        <language>en-US</language>
        <id-name>URI</id-name>
        <issuer>Owner</issuer>
        <assignor>Owner</assignor>
      </mlhim2:el-10195ffb-2f2b-4238-9bf4-ab801bf105e2>
      <!-- Audit system-user -->
      <mlhim2:el-85a52d4b-a8fb-4d0f-a71e-1a7755d597a2> <!-- Party -->
        <party-name>A. Sample Name</party-name>
        <!-- PI external-ref -->
        <mlhim2:el-0fd62504-570e-462f-866f-4a61f2de2007> <!-- DvURI -->
          <data-name>External Reference for Party</data-name>
          <!-- Use any subtype of ExceptionalValue here when a value is missing-->
          <valid-time-begin>1972-03-11T09:02:30Z</valid-time-begin>
          <valid-time-end>2005-12-12T14:42:42Z</valid-time-end>
          <DvURI-dv>http://www.ccdgen.com</DvURI-dv>
          <relation>Party Associated with the record</relation>
        </mlhim2:el-0fd62504-570e-462f-866f-4a61f2de2007>
        <!-- PI details -->
        <mlhim2:el-282bab25-1725-4f9a-ae05-ca9fca7ea0f6> <!-- Cluster -->
          <cluster-subject>Address Details (US)</cluster-subject>
          <mlhim2:el-d24affc1-a9ff-487a-9029-204f3b4d8e7e> <!-- DvAdapter -->
            <mlhim2:el-75012737-abe7-4d4d-b745-30117d7a9678> <!-- DvString -->
              <data-name>Additional Address Line(s) (US)</data-name>
              <!-- Use any subtype of ExceptionalValue here when a value is missing-->
              <valid-time-begin>2007-05-18T16:08:07Z</valid-time-begin>
              <valid-time-end>2035-11-08T23:57:27Z</valid-time-end>
              <DvString-dv>Default String</DvString-dv>
              <language>en-US</language>
            </mlhim2:el-75012737-abe7-4d4d-b745-30117d7a9678>
          </mlhim2:el-d24affc1-a9ff-487a-9029-204f3b4d8e7e>
          <mlhim2:el-b65ea20c-3768-45cd-a059-004ece61bc89> <!-- DvAdapter -->
            <mlhim2:el-d1576f04-2ef8-4095-a03c-2d2a1aa04659> <!-- DvString -->
              <data-name>City Name (US)</data-name>
              <!-- Use any subtype of ExceptionalValue here when a value is missing-->
              <valid-time-begin>2026-01-08T06:30:22Z</valid-time-begin>
              <valid-time-end>2042-01-07T17:36:48Z</valid-time-end>
              <DvString-dv>Default String</DvString-dv>
              <language>en-US</language>
            </mlhim2:el-d1576f04-2ef8-4095-a03c-2d2a1aa04659>
          </mlhim2:el-b65ea20c-3768-45cd-a059-004ece61bc89>
          <mlhim2:el-77848a52-5adb-41b2-89d6-f8fec018c05a> <!-- DvAdapter -->
            <mlhim2:el-9de2da4e-bdd1-4738-bcb9-1f9f02258de6> <!-- DvString -->
              <data-name>Common Name / Nickname</data-name>
              <!-- Use any subtype of ExceptionalValue here when a value is missing-->
              <valid-time-begin>2018-02-02T20:02:19Z</valid-time-begin>
              <valid-time-end>1988-11-07T05:27:59Z</valid-time-end>
              <DvString-dv>Default String</DvString-dv>
              <language>en-US</language>
            </mlhim2:el-9de2da4e-bdd1-4738-bcb9-1f9f02258de6>
          </mlhim2:el-77848a52-5adb-41b2-89d6-f8fec018c05a>
          <mlhim2:el-2bb59f5a-223e-4b8e-b63f-ed8beb62849e> <!-- DvAdapter -->
            <mlhim2:el-785262d0-dbd5-40e0-93b1-8bcb7209e9d3> <!-- DvString -->
              <data-name>State Abbreviation (USPS)</data-name>
              <!-- Use any subtype of ExceptionalValue here when a value is missing-->
              <valid-time-begin>1974-10-11T02:05:22Z</valid-time-begin>
              <valid-time-end>1978-09-01T12:31:02Z</valid-time-end>
              <DvString-dv>MD</DvString-dv>
              <language>en-US</language>
            </mlhim2:el-785262d0-dbd5-40e0-93b1-8bcb7209e9d3>
          </mlhim2:el-2bb59f5a-223e-4b8e-b63f-ed8beb62849e>
          <mlhim2:el-caa2be1d-3e6c-4cea-b44c-9829d7b23b3f> <!-- DvAdapter -->
            <mlhim2:el-134d0fc5-f1cc-4368-9944-68aefe15db5e> <!-- DvString -->
              <data-name>Street Number and Name (US)</data-name>
              <!-- Use any subtype of ExceptionalValue here when a value is missing-->
              <valid-time-begin>1998-02-06T16:42:30Z</valid-time-begin>
              <valid-time-end>2008-04-23T17:13:57Z</valid-time-end>
              <DvString-dv>Default String</DvString-dv>
              <language>en-US</language>
            </mlhim2:el-134d0fc5-f1cc-4368-9944-68aefe15db5e>
          </mlhim2:el-caa2be1d-3e6c-4cea-b44c-9829d7b23b3f>
          <mlhim2:el-13354334-0250-4041-8b6c-ac7eefa93c88> <!-- DvAdapter -->
            <mlhim2:el-1554c476-2527-4ff2-9e33-e88774397ed9> <!-- DvString -->
              <data-name>Telephone Number (US)</data-name>
              <!-- Use any subtype of ExceptionalValue here when a value is missing-->
              <valid-time-begin>2018-11-23T23:32:27Z</valid-time-begin>
              <valid-time-end>1999-08-02T20:15:58Z</valid-time-end>
              <DvString-dv>111-111-1111</DvString-dv>
              <language>en-US</language>
            </mlhim2:el-1554c476-2527-4ff2-9e33-e88774397ed9>
          </mlhim2:el-13354334-0250-4041-8b6c-ac7eefa93c88>
          <mlhim2:el-c64b7604-6189-412d-bb70-48baba85f366> <!-- DvAdapter -->
            <mlhim2:el-a0580a46-e800-4313-bdd6-a61416e874db> <!-- DvString -->
              <data-name>Zip Code (US)</data-name>
              <!-- Use any subtype of ExceptionalValue here when a value is missing-->
              <valid-time-begin>2027-06-21T12:21:55Z</valid-time-begin>
              <valid-time-end>2010-10-27T20:48:53Z</valid-time-end>
              <DvString-dv>249002316</DvString-dv>
              <language>en-US</language>
            </mlhim2:el-a0580a46-e800-4313-bdd6-a61416e874db>
          </mlhim2:el-c64b7604-6189-412d-bb70-48baba85f366>
        </mlhim2:el-282bab25-1725-4f9a-ae05-ca9fca7ea0f6>
      </mlhim2:el-85a52d4b-a8fb-4d0f-a71e-1a7755d597a2>
      <!-- Audit location -->
      <mlhim2:el-69820e0d-2bb6-479f-842e-8710e80d6123> <!-- Cluster -->
        <cluster-subject>FAD System Location (WGS84)</cluster-subject>
        <mlhim2:el-84a78cf3-028b-4aff-a17c-fb485a582fbd> <!-- DvAdapter -->
          <mlhim2:el-dcd79d5e-c634-43d0-b17b-a7b340ca182d> <!-- DvString -->
            <data-name>FAD Latitude (Decimal Format)</data-name>
            <!-- Use any subtype of ExceptionalValue here when a value is missing-->
            <valid-time-begin>2034-06-13T09:25:06Z</valid-time-begin>
            <valid-time-end>2039-02-03T13:09:11Z</valid-time-end>
            <DvString-dv>-90.000</DvString-dv>
            <language>en-US</language>
          </mlhim2:el-dcd79d5e-c634-43d0-b17b-a7b340ca182d>
        </mlhim2:el-84a78cf3-028b-4aff-a17c-fb485a582fbd>
        <mlhim2:el-5e002578-74dd-4112-be3e-5754454cbf9a> <!-- DvAdapter -->
          <mlhim2:el-5a29657a-477f-407b-82a8-3dd8c04f1e55> <!-- DvString -->
            <data-name>FAD Longitude (Decimal Format)</data-name>
            <!-- Use any subtype of ExceptionalValue here when a value is missing-->
            <valid-time-begin>1977-07-21T04:51:32Z</valid-time-begin>
            <valid-time-end>2026-12-01T01:53:57Z</valid-time-end>
            <DvString-dv>-1.94077</DvString-dv>
            <language>en-US</language>
          </mlhim2:el-5a29657a-477f-407b-82a8-3dd8c04f1e55>
        </mlhim2:el-5e002578-74dd-4112-be3e-5754454cbf9a>
      </mlhim2:el-69820e0d-2bb6-479f-842e-8710e80d6123>
      <timestamp>1997-01-19T00:46:40Z</timestamp>
    </mlhim2:el-dd7462f6-44af-485d-b2ba-7233173b7d67>
  <language>en-US</language>
  <encoding>utf-8</encoding>
  <!-- entry-subject -->
      <mlhim2:el-f65a6791-677e-43dd-91d9-242fc3b95676> <!-- Party -->
      <party-name>A. Sample Name</party-name>
      <!-- PI external-ref -->
      <mlhim2:el-0fd62504-570e-462f-866f-4a61f2de2007> <!-- DvURI -->
        <data-name>External Reference for Party</data-name>
        <!-- Use any subtype of ExceptionalValue here when a value is missing-->
        <valid-time-begin>1980-08-24T14:29:50Z</valid-time-begin>
        <valid-time-end>2037-08-05T22:18:29Z</valid-time-end>
        <DvURI-dv>http://www.ccdgen.com</DvURI-dv>
        <relation>Party Associated with the record</relation>
      </mlhim2:el-0fd62504-570e-462f-866f-4a61f2de2007>
      <!-- PI details -->
      <mlhim2:el-282bab25-1725-4f9a-ae05-ca9fca7ea0f6> <!-- Cluster -->
        <cluster-subject>Address Details (US)</cluster-subject>
        <mlhim2:el-d24affc1-a9ff-487a-9029-204f3b4d8e7e> <!-- DvAdapter -->
          <mlhim2:el-75012737-abe7-4d4d-b745-30117d7a9678> <!-- DvString -->
            <data-name>Additional Address Line(s) (US)</data-name>
            <!-- Use any subtype of ExceptionalValue here when a value is missing-->
            <valid-time-begin>1988-09-19T00:57:01Z</valid-time-begin>
            <valid-time-end>1995-09-16T19:13:47Z</valid-time-end>
            <DvString-dv>Default String</DvString-dv>
            <language>en-US</language>
          </mlhim2:el-75012737-abe7-4d4d-b745-30117d7a9678>
        </mlhim2:el-d24affc1-a9ff-487a-9029-204f3b4d8e7e>
        <mlhim2:el-b65ea20c-3768-45cd-a059-004ece61bc89> <!-- DvAdapter -->
          <mlhim2:el-d1576f04-2ef8-4095-a03c-2d2a1aa04659> <!-- DvString -->
            <data-name>City Name (US)</data-name>
            <!-- Use any subtype of ExceptionalValue here when a value is missing-->
            <valid-time-begin>2032-02-29T11:13:25Z</valid-time-begin>
            <valid-time-end>2031-10-21T04:02:56Z</valid-time-end>
            <DvString-dv>Default String</DvString-dv>
            <language>en-US</language>
          </mlhim2:el-d1576f04-2ef8-4095-a03c-2d2a1aa04659>
        </mlhim2:el-b65ea20c-3768-45cd-a059-004ece61bc89>
        <mlhim2:el-77848a52-5adb-41b2-89d6-f8fec018c05a> <!-- DvAdapter -->
          <mlhim2:el-9de2da4e-bdd1-4738-bcb9-1f9f02258de6> <!-- DvString -->
            <data-name>Common Name / Nickname</data-name>
            <!-- Use any subtype of ExceptionalValue here when a value is missing-->
            <valid-time-begin>2031-09-05T14:42:24Z</valid-time-begin>
            <valid-time-end>2041-10-19T00:54:24Z</valid-time-end>
            <DvString-dv>Default String</DvString-dv>
            <language>en-US</language>
          </mlhim2:el-9de2da4e-bdd1-4738-bcb9-1f9f02258de6>
        </mlhim2:el-77848a52-5adb-41b2-89d6-f8fec018c05a>
        <mlhim2:el-2bb59f5a-223e-4b8e-b63f-ed8beb62849e> <!-- DvAdapter -->
          <mlhim2:el-785262d0-dbd5-40e0-93b1-8bcb7209e9d3> <!-- DvString -->
            <data-name>State Abbreviation (USPS)</data-name>
            <!-- Use any subtype of ExceptionalValue here when a value is missing-->
            <valid-time-begin>2034-11-17T16:53:20Z</valid-time-begin>
            <valid-time-end>2005-02-13T22:20:50Z</valid-time-end>
            <DvString-dv>ND</DvString-dv>
            <language>en-US</language>
          </mlhim2:el-785262d0-dbd5-40e0-93b1-8bcb7209e9d3>
        </mlhim2:el-2bb59f5a-223e-4b8e-b63f-ed8beb62849e>
        <mlhim2:el-caa2be1d-3e6c-4cea-b44c-9829d7b23b3f> <!-- DvAdapter -->
          <mlhim2:el-134d0fc5-f1cc-4368-9944-68aefe15db5e> <!-- DvString -->
            <data-name>Street Number and Name (US)</data-name>
            <!-- Use any subtype of ExceptionalValue here when a value is missing-->
            <valid-time-begin>2014-05-04T00:39:56Z</valid-time-begin>
            <valid-time-end>2002-09-23T19:16:59Z</valid-time-end>
            <DvString-dv>Default String</DvString-dv>
            <language>en-US</language>
          </mlhim2:el-134d0fc5-f1cc-4368-9944-68aefe15db5e>
        </mlhim2:el-caa2be1d-3e6c-4cea-b44c-9829d7b23b3f>
        <mlhim2:el-13354334-0250-4041-8b6c-ac7eefa93c88> <!-- DvAdapter -->
          <mlhim2:el-1554c476-2527-4ff2-9e33-e88774397ed9> <!-- DvString -->
            <data-name>Telephone Number (US)</data-name>
            <!-- Use any subtype of ExceptionalValue here when a value is missing-->
            <valid-time-begin>2042-05-09T10:15:47Z</valid-time-begin>
            <valid-time-end>2045-03-22T19:26:50Z</valid-time-end>
            <DvString-dv>111-111-1111</DvString-dv>
            <language>en-US</language>
          </mlhim2:el-1554c476-2527-4ff2-9e33-e88774397ed9>
        </mlhim2:el-13354334-0250-4041-8b6c-ac7eefa93c88>
        <mlhim2:el-c64b7604-6189-412d-bb70-48baba85f366> <!-- DvAdapter -->
          <mlhim2:el-a0580a46-e800-4313-bdd6-a61416e874db> <!-- DvString -->
            <data-name>Zip Code (US)</data-name>
            <!-- Use any subtype of ExceptionalValue here when a value is missing-->
            <valid-time-begin>1976-06-09T11:39:50Z</valid-time-begin>
            <valid-time-end>2018-07-01T18:58:34Z</valid-time-end>
            <DvString-dv>27709</DvString-dv>
            <language>en-US</language>
          </mlhim2:el-a0580a46-e800-4313-bdd6-a61416e874db>
        </mlhim2:el-c64b7604-6189-412d-bb70-48baba85f366>
      </mlhim2:el-282bab25-1725-4f9a-ae05-ca9fca7ea0f6>
    </mlhim2:el-f65a6791-677e-43dd-91d9-242fc3b95676>
  <!-- entry-provider -->
      <mlhim2:el-324f2395-9742-4433-9c87-bac5f039ab42> <!-- Party -->
      <party-name>A. Sample Name</party-name>
      <!-- PI external-ref -->
      <mlhim2:el-0fd62504-570e-462f-866f-4a61f2de2007> <!-- DvURI -->
        <data-name>External Reference for Party</data-name>
        <!-- Use any subtype of ExceptionalValue here when a value is missing-->
        <valid-time-begin>1972-06-10T18:00:12Z</valid-time-begin>
        <valid-time-end>2031-01-11T20:24:43Z</valid-time-end>
        <DvURI-dv>http://www.ccdgen.com</DvURI-dv>
        <relation>Party Associated with the record</relation>
      </mlhim2:el-0fd62504-570e-462f-866f-4a61f2de2007>
      <!-- PI details -->
      <mlhim2:el-282bab25-1725-4f9a-ae05-ca9fca7ea0f6> <!-- Cluster -->
        <cluster-subject>Address Details (US)</cluster-subject>
        <mlhim2:el-d24affc1-a9ff-487a-9029-204f3b4d8e7e> <!-- DvAdapter -->
          <mlhim2:el-75012737-abe7-4d4d-b745-30117d7a9678> <!-- DvString -->
            <data-name>Additional Address Line(s) (US)</data-name>
            <!-- Use any subtype of ExceptionalValue here when a value is missing-->
            <valid-time-begin>1997-02-02T06:10:20Z</valid-time-begin>
            <valid-time-end>1986-04-17T00:58:43Z</valid-time-end>
            <DvString-dv>Default String</DvString-dv>
            <language>en-US</language>
          </mlhim2:el-75012737-abe7-4d4d-b745-30117d7a9678>
        </mlhim2:el-d24affc1-a9ff-487a-9029-204f3b4d8e7e>
        <mlhim2:el-b65ea20c-3768-45cd-a059-004ece61bc89> <!-- DvAdapter -->
          <mlhim2:el-d1576f04-2ef8-4095-a03c-2d2a1aa04659> <!-- DvString -->
            <data-name>City Name (US)</data-name>
            <!-- Use any subtype of ExceptionalValue here when a value is missing-->
            <valid-time-begin>2011-12-04T09:07:06Z</valid-time-begin>
            <valid-time-end>1987-11-04T16:10:54Z</valid-time-end>
            <DvString-dv>Default String</DvString-dv>
            <language>en-US</language>
          </mlhim2:el-d1576f04-2ef8-4095-a03c-2d2a1aa04659>
        </mlhim2:el-b65ea20c-3768-45cd-a059-004ece61bc89>
        <mlhim2:el-77848a52-5adb-41b2-89d6-f8fec018c05a> <!-- DvAdapter -->
          <mlhim2:el-9de2da4e-bdd1-4738-bcb9-1f9f02258de6> <!-- DvString -->
            <data-name>Common Name / Nickname</data-name>
            <!-- Use any subtype of ExceptionalValue here when a value is missing-->
            <valid-time-begin>2025-07-06T23:53:37Z</valid-time-begin>
            <valid-time-end>1979-01-28T14:44:21Z</valid-time-end>
            <DvString-dv>Default String</DvString-dv>
            <language>en-US</language>
          </mlhim2:el-9de2da4e-bdd1-4738-bcb9-1f9f02258de6>
        </mlhim2:el-77848a52-5adb-41b2-89d6-f8fec018c05a>
        <mlhim2:el-2bb59f5a-223e-4b8e-b63f-ed8beb62849e> <!-- DvAdapter -->
          <mlhim2:el-785262d0-dbd5-40e0-93b1-8bcb7209e9d3> <!-- DvString -->
            <data-name>State Abbreviation (USPS)</data-name>
            <!-- Use any subtype of ExceptionalValue here when a value is missing-->
            <valid-time-begin>2001-05-30T06:31:21Z</valid-time-begin>
            <valid-time-end>1995-10-14T11:36:40Z</valid-time-end>
            <DvString-dv>OH</DvString-dv>
            <language>en-US</language>
          </mlhim2:el-785262d0-dbd5-40e0-93b1-8bcb7209e9d3>
        </mlhim2:el-2bb59f5a-223e-4b8e-b63f-ed8beb62849e>
        <mlhim2:el-caa2be1d-3e6c-4cea-b44c-9829d7b23b3f> <!-- DvAdapter -->
          <mlhim2:el-134d0fc5-f1cc-4368-9944-68aefe15db5e> <!-- DvString -->
            <data-name>Street Number and Name (US)</data-name>
            <!-- Use any subtype of ExceptionalValue here when a value is missing-->
            <valid-time-begin>1974-06-30T23:13:36Z</valid-time-begin>
            <valid-time-end>1983-03-05T01:07:13Z</valid-time-end>
            <DvString-dv>Default String</DvString-dv>
            <language>en-US</language>
          </mlhim2:el-134d0fc5-f1cc-4368-9944-68aefe15db5e>
        </mlhim2:el-caa2be1d-3e6c-4cea-b44c-9829d7b23b3f>
        <mlhim2:el-13354334-0250-4041-8b6c-ac7eefa93c88> <!-- DvAdapter -->
          <mlhim2:el-1554c476-2527-4ff2-9e33-e88774397ed9> <!-- DvString -->
            <data-name>Telephone Number (US)</data-name>
            <!-- Use any subtype of ExceptionalValue here when a value is missing-->
            <valid-time-begin>2012-10-17T14:50:36Z</valid-time-begin>
            <valid-time-end>2032-10-03T15:03:46Z</valid-time-end>
            <DvString-dv>111-111-1111</DvString-dv>
            <language>en-US</language>
          </mlhim2:el-1554c476-2527-4ff2-9e33-e88774397ed9>
        </mlhim2:el-13354334-0250-4041-8b6c-ac7eefa93c88>
        <mlhim2:el-c64b7604-6189-412d-bb70-48baba85f366> <!-- DvAdapter -->
          <mlhim2:el-a0580a46-e800-4313-bdd6-a61416e874db> <!-- DvString -->
            <data-name>Zip Code (US)</data-name>
            <!-- Use any subtype of ExceptionalValue here when a value is missing-->
            <valid-time-begin>2011-12-31T09:18:39Z</valid-time-begin>
            <valid-time-end>1973-04-15T05:16:17Z</valid-time-end>
            <DvString-dv>51882</DvString-dv>
            <language>en-US</language>
          </mlhim2:el-a0580a46-e800-4313-bdd6-a61416e874db>
        </mlhim2:el-c64b7604-6189-412d-bb70-48baba85f366>
      </mlhim2:el-282bab25-1725-4f9a-ae05-ca9fca7ea0f6>
    </mlhim2:el-324f2395-9742-4433-9c87-bac5f039ab42>
  <!-- other-participations -->
      <mlhim2:el-62171273-a62b-41dd-8917-552f16e10bf7> <!-- Participation -->
      <!-- performer -->
      <mlhim2:el-ff2a2bc6-0dac-4c4c-b640-88d2b43da907> <!-- Party -->
        <party-name>A. Sample Name</party-name>
        <!-- PI external-ref -->
        <mlhim2:el-0fd62504-570e-462f-866f-4a61f2de2007> <!-- DvURI -->
          <data-name>External Reference for Party</data-name>
          <!-- Use any subtype of ExceptionalValue here when a value is missing-->
          <valid-time-begin>2004-01-17T21:50:17Z</valid-time-begin>
          <valid-time-end>1977-09-23T13:17:53Z</valid-time-end>
          <DvURI-dv>http://www.ccdgen.com</DvURI-dv>
          <relation>Party Associated with the record</relation>
        </mlhim2:el-0fd62504-570e-462f-866f-4a61f2de2007>
        <!-- PI details -->
        <mlhim2:el-282bab25-1725-4f9a-ae05-ca9fca7ea0f6> <!-- Cluster -->
          <cluster-subject>Address Details (US)</cluster-subject>
          <mlhim2:el-d24affc1-a9ff-487a-9029-204f3b4d8e7e> <!-- DvAdapter -->
            <mlhim2:el-75012737-abe7-4d4d-b745-30117d7a9678> <!-- DvString -->
              <data-name>Additional Address Line(s) (US)</data-name>
              <!-- Use any subtype of ExceptionalValue here when a value is missing-->
              <valid-time-begin>1985-12-06T23:14:14Z</valid-time-begin>
              <valid-time-end>1987-06-28T00:40:35Z</valid-time-end>
              <DvString-dv>Default String</DvString-dv>
              <language>en-US</language>
            </mlhim2:el-75012737-abe7-4d4d-b745-30117d7a9678>
          </mlhim2:el-d24affc1-a9ff-487a-9029-204f3b4d8e7e>
          <mlhim2:el-b65ea20c-3768-45cd-a059-004ece61bc89> <!-- DvAdapter -->
            <mlhim2:el-d1576f04-2ef8-4095-a03c-2d2a1aa04659> <!-- DvString -->
              <data-name>City Name (US)</data-name>
              <!-- Use any subtype of ExceptionalValue here when a value is missing-->
              <valid-time-begin>2007-01-03T02:21:25Z</valid-time-begin>
              <valid-time-end>1989-01-28T04:30:03Z</valid-time-end>
              <DvString-dv>Default String</DvString-dv>
              <language>en-US</language>
            </mlhim2:el-d1576f04-2ef8-4095-a03c-2d2a1aa04659>
          </mlhim2:el-b65ea20c-3768-45cd-a059-004ece61bc89>
          <mlhim2:el-77848a52-5adb-41b2-89d6-f8fec018c05a> <!-- DvAdapter -->
            <mlhim2:el-9de2da4e-bdd1-4738-bcb9-1f9f02258de6> <!-- DvString -->
              <data-name>Common Name / Nickname</data-name>
              <!-- Use any subtype of ExceptionalValue here when a value is missing-->
              <valid-time-begin>1990-02-01T19:27:29Z</valid-time-begin>
              <valid-time-end>1997-04-12T03:31:42Z</valid-time-end>
              <DvString-dv>Default String</DvString-dv>
              <language>en-US</language>
            </mlhim2:el-9de2da4e-bdd1-4738-bcb9-1f9f02258de6>
          </mlhim2:el-77848a52-5adb-41b2-89d6-f8fec018c05a>
          <mlhim2:el-2bb59f5a-223e-4b8e-b63f-ed8beb62849e> <!-- DvAdapter -->
            <mlhim2:el-785262d0-dbd5-40e0-93b1-8bcb7209e9d3> <!-- DvString -->
              <data-name>State Abbreviation (USPS)</data-name>
              <!-- Use any subtype of ExceptionalValue here when a value is missing-->
              <valid-time-begin>2033-03-15T15:22:24Z</valid-time-begin>
              <valid-time-end>2010-04-09T11:59:03Z</valid-time-end>
              <DvString-dv>TT</DvString-dv>
              <language>en-US</language>
            </mlhim2:el-785262d0-dbd5-40e0-93b1-8bcb7209e9d3>
          </mlhim2:el-2bb59f5a-223e-4b8e-b63f-ed8beb62849e>
          <mlhim2:el-caa2be1d-3e6c-4cea-b44c-9829d7b23b3f> <!-- DvAdapter -->
            <mlhim2:el-134d0fc5-f1cc-4368-9944-68aefe15db5e> <!-- DvString -->
              <data-name>Street Number and Name (US)</data-name>
              <!-- Use any subtype of ExceptionalValue here when a value is missing-->
              <valid-time-begin>2031-03-30T13:45:32Z</valid-time-begin>
              <valid-time-end>1997-09-15T19:38:59Z</valid-time-end>
              <DvString-dv>Default String</DvString-dv>
              <language>en-US</language>
            </mlhim2:el-134d0fc5-f1cc-4368-9944-68aefe15db5e>
          </mlhim2:el-caa2be1d-3e6c-4cea-b44c-9829d7b23b3f>
          <mlhim2:el-13354334-0250-4041-8b6c-ac7eefa93c88> <!-- DvAdapter -->
            <mlhim2:el-1554c476-2527-4ff2-9e33-e88774397ed9> <!-- DvString -->
              <data-name>Telephone Number (US)</data-name>
              <!-- Use any subtype of ExceptionalValue here when a value is missing-->
              <valid-time-begin>1981-09-15T10:49:31Z</valid-time-begin>
              <valid-time-end>1995-08-28T06:27:45Z</valid-time-end>
              <DvString-dv>111-111-1111</DvString-dv>
              <language>en-US</language>
            </mlhim2:el-1554c476-2527-4ff2-9e33-e88774397ed9>
          </mlhim2:el-13354334-0250-4041-8b6c-ac7eefa93c88>
          <mlhim2:el-c64b7604-6189-412d-bb70-48baba85f366> <!-- DvAdapter -->
            <mlhim2:el-a0580a46-e800-4313-bdd6-a61416e874db> <!-- DvString -->
              <data-name>Zip Code (US)</data-name>
              <!-- Use any subtype of ExceptionalValue here when a value is missing-->
              <valid-time-begin>2034-02-01T09:54:36Z</valid-time-begin>
              <valid-time-end>2023-04-19T04:13:04Z</valid-time-end>
              <DvString-dv>18063</DvString-dv>
              <language>en-US</language>
            </mlhim2:el-a0580a46-e800-4313-bdd6-a61416e874db>
          </mlhim2:el-c64b7604-6189-412d-bb70-48baba85f366>
        </mlhim2:el-282bab25-1725-4f9a-ae05-ca9fca7ea0f6>
      </mlhim2:el-ff2a2bc6-0dac-4c4c-b640-88d2b43da907>
      <!-- function -->
      <mlhim2:el-9e2b50ec-6840-471f-ae26-7e86231b42af> <!-- DvCodedString -->
        <data-name>Participation Function</data-name>
        <!-- Use any subtype of ExceptionalValue here when a value is missing-->
        <valid-time-begin>1993-02-03T13:57:13Z</valid-time-begin>
        <valid-time-end>2035-09-08T10:14:24Z</valid-time-end>
        <DvString-dv>Group</DvString-dv>
        <language>en-US</language>
        <terminology-abbrev>FOAF</terminology-abbrev>
        <terminology-name>Friend Of A Friend</terminology-name>
        <terminology-version>0.98</terminology-version>
        <terminology-code>Group</terminology-code>
      </mlhim2:el-9e2b50ec-6840-471f-ae26-7e86231b42af>
      <!-- mode -->
      <mlhim2:el-a87513c2-c768-4cd8-bfae-8333c3690be6> <!-- DvCodedString -->
        <data-name>Participation Mode</data-name>
        <!-- Use any subtype of ExceptionalValue here when a value is missing-->
        <valid-time-begin>2022-05-04T05:30:02Z</valid-time-begin>
        <valid-time-end>1976-03-13T16:07:51Z</valid-time-end>
        <DvString-dv>Agent</DvString-dv>
        <language>en-US</language>
        <terminology-abbrev>FOAF</terminology-abbrev>
        <terminology-name>Friend Of A Friend</terminology-name>
        <terminology-version>0.98</terminology-version>
        <terminology-code>Agent</terminology-code>
      </mlhim2:el-a87513c2-c768-4cd8-bfae-8333c3690be6>
      <start-time>1990-08-17T12:41:27Z</start-time>
      <end-time>1986-10-10T16:42:35Z</end-time>
    </mlhim2:el-62171273-a62b-41dd-8917-552f16e10bf7>
  <!-- protocol-id -->
      <mlhim2:el-45ff9487-53a8-4c57-b53d-07b971ea90e2> <!-- DvIdentifier -->
      <data-name>Generic Protocol ID - Test 2.4.6</data-name>
      <!-- Use any subtype of ExceptionalValue here when a value is missing-->
      <valid-time-begin>1985-09-09T11:08:30Z</valid-time-begin>
      <valid-time-end>2024-11-23T07:36:37Z</valid-time-end>
      <DvString-dv>Default ID</DvString-dv>
      <language>en-US</language>
      <id-name>Protocal ID</id-name>
      <issuer>Owner</issuer>
      <assignor>Owner</assignor>
    </mlhim2:el-45ff9487-53a8-4c57-b53d-07b971ea90e2>
  <current-state>default</current-state>
  <!-- workflow-id -->
      <mlhim2:el-720cd9bd-ad0d-41cd-8556-d4cafd7e2580> <!-- DvURI -->
      <data-name>Workflow ID - Test 2.4.6</data-name>
      <!-- Use any subtype of ExceptionalValue here when a value is missing-->
      <valid-time-begin>2046-09-02T21:45:52Z</valid-time-begin>
      <valid-time-end>1985-09-25T07:40:34Z</valid-time-end>
      <DvURI-dv>http://www.ccdgen.com</DvURI-dv>
      <relation>material information bearer</relation>
    </mlhim2:el-720cd9bd-ad0d-41cd-8556-d4cafd7e2580>
  <!-- attestation -->
  <mlhim2:el-0454a6a1-9bb6-4b82-b4e2-170c4d6f8866> <!-- Attestation -->
      <!-- ATT attested-view -->
      <mlhim2:el-3cc25084-c524-4fcc-91ee-43af6ffc7f4b> <!-- DvMedia -->
        <data-name>Attestation View</data-name>
        <!-- Use any subtype of ExceptionalValue here when a value is missing-->
        <valid-time-begin>1986-06-07T04:46:44Z</valid-time-begin>
        <valid-time-end>1976-03-24T20:16:56Z</valid-time-end>
        <size>0</size>
        <encoding>utf-8</encoding>
        <language>en-US</language>
        <mime-type>png</mime-type>
        <compression-type>gz</compression-type>
        <hash-result>dshfsoud6y3rwpef838rhf983trgf9e93w8rytgf</hash-result>
        <hash-function>MD5</hash-function>
        <alt-txt>Fake Media entry data.</alt-txt>
        <uri>http://www.mlhim.org/fake_media</uri>
        <!--<media-content></media-content>-->
      </mlhim2:el-3cc25084-c524-4fcc-91ee-43af6ffc7f4b>
      <!-- ATT :proof -->
      <mlhim2:el-8b34a627-8165-4088-a30a-cb8fa67fcc81> <!-- DvParsable -->
        <data-name>Proof</data-name>
        <!-- Use any subtype of ExceptionalValue here when a value is missing-->
        <valid-time-begin>2029-05-31T06:08:54Z</valid-time-begin>
        <valid-time-end>1994-08-13T15:03:33Z</valid-time-end>
        <size>0</size>
        <encoding>utf-8</encoding>
        <language>en-US</language>
        <DvParsable-dv>Some parsable information.</DvParsable-dv>
        <formalism>Unknown</formalism>
      </mlhim2:el-8b34a627-8165-4088-a30a-cb8fa67fcc81>
      <!-- ATT reason -->
      <mlhim2:el-1e290419-e6dc-4d16-8e5e-90313e9e1a92> <!-- DvCodedString -->
        <data-name>Attestation Reason</data-name>
        <!-- Use any subtype of ExceptionalValue here when a value is missing-->
        <valid-time-begin>1985-04-15T03:04:59Z</valid-time-begin>
        <valid-time-end>2048-07-17T14:08:21Z</valid-time-end>
        <DvString-dv>release</DvString-dv>
        <language>en-US</language>
        <terminology-abbrev>DOAP</terminology-abbrev>
        <terminology-name>Description of a Project</terminology-name>
        <terminology-version>0.1</terminology-version>
        <terminology-code>release</terminology-code>
      </mlhim2:el-1e290419-e6dc-4d16-8e5e-90313e9e1a92>
      <!-- ATT committer -->
      <mlhim2:el-18e26df4-e216-4caa-aab5-6437a5186abf> <!-- Party -->
        <party-name>A. Sample Name</party-name>
        <!-- PI external-ref -->
        <mlhim2:el-0fd62504-570e-462f-866f-4a61f2de2007> <!-- DvURI -->
          <data-name>External Reference for Party</data-name>
          <!-- Use any subtype of ExceptionalValue here when a value is missing-->
          <valid-time-begin>1994-01-19T14:51:28Z</valid-time-begin>
          <valid-time-end>1998-05-02T08:49:13Z</valid-time-end>
          <DvURI-dv>http://www.ccdgen.com</DvURI-dv>
          <relation>Party Associated with the record</relation>
        </mlhim2:el-0fd62504-570e-462f-866f-4a61f2de2007>
        <!-- PI details -->
        <mlhim2:el-282bab25-1725-4f9a-ae05-ca9fca7ea0f6> <!-- Cluster -->
          <cluster-subject>Address Details (US)</cluster-subject>
          <mlhim2:el-d24affc1-a9ff-487a-9029-204f3b4d8e7e> <!-- DvAdapter -->
            <mlhim2:el-75012737-abe7-4d4d-b745-30117d7a9678> <!-- DvString -->
              <data-name>Additional Address Line(s) (US)</data-name>
              <!-- Use any subtype of ExceptionalValue here when a value is missing-->
              <valid-time-begin>2010-06-08T13:07:03Z</valid-time-begin>
              <valid-time-end>2017-02-05T21:58:25Z</valid-time-end>
              <DvString-dv>Default String</DvString-dv>
              <language>en-US</language>
            </mlhim2:el-75012737-abe7-4d4d-b745-30117d7a9678>
          </mlhim2:el-d24affc1-a9ff-487a-9029-204f3b4d8e7e>
          <mlhim2:el-b65ea20c-3768-45cd-a059-004ece61bc89> <!-- DvAdapter -->
            <mlhim2:el-d1576f04-2ef8-4095-a03c-2d2a1aa04659> <!-- DvString -->
              <data-name>City Name (US)</data-name>
              <!-- Use any subtype of ExceptionalValue here when a value is missing-->
              <valid-time-begin>1997-12-23T16:33:15Z</valid-time-begin>
              <valid-time-end>1995-02-12T18:46:45Z</valid-time-end>
              <DvString-dv>Default String</DvString-dv>
              <language>en-US</language>
            </mlhim2:el-d1576f04-2ef8-4095-a03c-2d2a1aa04659>
          </mlhim2:el-b65ea20c-3768-45cd-a059-004ece61bc89>
          <mlhim2:el-77848a52-5adb-41b2-89d6-f8fec018c05a> <!-- DvAdapter -->
            <mlhim2:el-9de2da4e-bdd1-4738-bcb9-1f9f02258de6> <!-- DvString -->
              <data-name>Common Name / Nickname</data-name>
              <!-- Use any subtype of ExceptionalValue here when a value is missing-->
              <valid-time-begin>1979-02-01T23:07:21Z</valid-time-begin>
              <valid-time-end>1996-01-03T02:52:30Z</valid-time-end>
              <DvString-dv>Default String</DvString-dv>
              <language>en-US</language>
            </mlhim2:el-9de2da4e-bdd1-4738-bcb9-1f9f02258de6>
          </mlhim2:el-77848a52-5adb-41b2-89d6-f8fec018c05a>
          <mlhim2:el-2bb59f5a-223e-4b8e-b63f-ed8beb62849e> <!-- DvAdapter -->
            <mlhim2:el-785262d0-dbd5-40e0-93b1-8bcb7209e9d3> <!-- DvString -->
              <data-name>State Abbreviation (USPS)</data-name>
              <!-- Use any subtype of ExceptionalValue here when a value is missing-->
              <valid-time-begin>1985-12-09T12:16:14Z</valid-time-begin>
              <valid-time-end>2043-12-29T23:15:42Z</valid-time-end>
              <DvString-dv>NE</DvString-dv>
              <language>en-US</language>
            </mlhim2:el-785262d0-dbd5-40e0-93b1-8bcb7209e9d3>
          </mlhim2:el-2bb59f5a-223e-4b8e-b63f-ed8beb62849e>
          <mlhim2:el-caa2be1d-3e6c-4cea-b44c-9829d7b23b3f> <!-- DvAdapter -->
            <mlhim2:el-134d0fc5-f1cc-4368-9944-68aefe15db5e> <!-- DvString -->
              <data-name>Street Number and Name (US)</data-name>
              <!-- Use any subtype of ExceptionalValue here when a value is missing-->
              <valid-time-begin>2038-01-18T19:57:41Z</valid-time-begin>
              <valid-time-end>1977-08-19T17:14:21Z</valid-time-end>
              <DvString-dv>Default String</DvString-dv>
              <language>en-US</language>
            </mlhim2:el-134d0fc5-f1cc-4368-9944-68aefe15db5e>
          </mlhim2:el-caa2be1d-3e6c-4cea-b44c-9829d7b23b3f>
          <mlhim2:el-13354334-0250-4041-8b6c-ac7eefa93c88> <!-- DvAdapter -->
            <mlhim2:el-1554c476-2527-4ff2-9e33-e88774397ed9> <!-- DvString -->
              <data-name>Telephone Number (US)</data-name>
              <!-- Use any subtype of ExceptionalValue here when a value is missing-->
              <valid-time-begin>2036-08-18T12:56:39Z</valid-time-begin>
              <valid-time-end>2017-10-11T22:43:34Z</valid-time-end>
              <DvString-dv>111-111-1111</DvString-dv>
              <language>en-US</language>
            </mlhim2:el-1554c476-2527-4ff2-9e33-e88774397ed9>
          </mlhim2:el-13354334-0250-4041-8b6c-ac7eefa93c88>
          <mlhim2:el-c64b7604-6189-412d-bb70-48baba85f366> <!-- DvAdapter -->
            <mlhim2:el-a0580a46-e800-4313-bdd6-a61416e874db> <!-- DvString -->
              <data-name>Zip Code (US)</data-name>
              <!-- Use any subtype of ExceptionalValue here when a value is missing-->
              <valid-time-begin>1991-04-21T00:53:11Z</valid-time-begin>
              <valid-time-end>2016-12-15T11:16:05Z</valid-time-end>
              <DvString-dv>74767</DvString-dv>
              <language>en-US</language>
            </mlhim2:el-a0580a46-e800-4313-bdd6-a61416e874db>
          </mlhim2:el-c64b7604-6189-412d-bb70-48baba85f366>
        </mlhim2:el-282bab25-1725-4f9a-ae05-ca9fca7ea0f6>
      </mlhim2:el-18e26df4-e216-4caa-aab5-6437a5186abf>
      <time-committed>2016-04-06T05:26:43Z</time-committed>
      <is-pending>true</is-pending>
</mlhim2:el-0454a6a1-9bb6-4b82-b4e2-170c4d6f8866>
  <!-- entry-data -->
      <mlhim2:el-a8fe0e8e-6efa-45f7-86fd-703bfb7bad0d> <!-- Cluster -->
      <cluster-subject>Test 2.4.6 : CareEntry entry-data</cluster-subject>
      <mlhim2:el-6f70c0c2-c10f-4619-b698-e243801e2ef2> <!-- Cluster -->
        <cluster-subject>Test Sub-Cluster</cluster-subject>
        <mlhim2:el-8aff6c15-f828-4948-9222-195c1b2f0954> <!-- DvAdapter -->
          <mlhim2:el-076ad3bf-edbc-4877-827a-4843225e03fb> <!-- DvBoolean -->
            <data-name>Bladder - Test 2.4.6</data-name>
            <!-- Use any subtype of ExceptionalValue here when a value is missing-->
            <valid-time-begin>2018-03-15T21:00:11Z</valid-time-begin>
            <valid-time-end>2012-01-14T12:13:04Z</valid-time-end>
            <valid-true>Yes</valid-true>
          </mlhim2:el-076ad3bf-edbc-4877-827a-4843225e03fb>
        </mlhim2:el-8aff6c15-f828-4948-9222-195c1b2f0954>
        <mlhim2:el-697e8df2-7890-4f44-8442-e7f2beab4425> <!-- DvAdapter -->
          <mlhim2:el-bf1ef816-124a-497b-940d-5093df04d8fe> <!-- DvBoolean -->
            <data-name>Fever duration: 3 weeks or less - Test 2.4.6</data-name>
            <!-- Use any subtype of ExceptionalValue here when a value is missing-->
            <valid-time-begin>1975-07-11T05:28:45Z</valid-time-begin>
            <valid-time-end>2012-03-12T21:48:07Z</valid-time-end>
            <valid-true>YES</valid-true>
          </mlhim2:el-bf1ef816-124a-497b-940d-5093df04d8fe>
        </mlhim2:el-697e8df2-7890-4f44-8442-e7f2beab4425>
        <mlhim2:el-d4fd6e5a-875e-4512-8bdd-492498237341> <!-- DvAdapter -->
          <mlhim2:el-9bf379cd-f2a3-4181-ab0e-5103cb7c921a> <!-- DvCount -->
              <data-name>Heart Rate for Testing 2.4.6</data-name>
            <!-- Use any subtype of ExceptionalValue here when a value is missing-->
              <valid-time-begin>2044-05-04T23:51:41Z</valid-time-begin>
              <valid-time-end>2006-07-03T19:59:28Z</valid-time-end>
            <normal-status>Normal heart rate</normal-status>
              <magnitude>833360</magnitude>
              <mlhim2:magnitude-status>=</mlhim2:magnitude-status>
              <error>0</error>
              <accuracy>0</accuracy>
            <mlhim2:el-baec2a19-ea79-43e0-ba75-a9aed09af816> <!-- DvString -->
              <data-name>bpm Test 2.4.6</data-name>
              <!-- Use any subtype of ExceptionalValue here when a value is missing-->
              <valid-time-begin>1972-11-17T04:47:25Z</valid-time-begin>
              <valid-time-end>2010-11-03T13:44:27Z</valid-time-end>
              <DvString-dv>bpm</DvString-dv>
              <language>en-US</language>
            </mlhim2:el-baec2a19-ea79-43e0-ba75-a9aed09af816>
          </mlhim2:el-9bf379cd-f2a3-4181-ab0e-5103cb7c921a>
        </mlhim2:el-d4fd6e5a-875e-4512-8bdd-492498237341>
      </mlhim2:el-6f70c0c2-c10f-4619-b698-e243801e2ef2>
      <mlhim2:el-8aff6c15-f828-4948-9222-195c1b2f0954> <!-- DvAdapter -->
        <mlhim2:el-076ad3bf-edbc-4877-827a-4843225e03fb> <!-- DvBoolean -->
          <data-name>Bladder - Test 2.4.6</data-name>
          <!-- Use any subtype of ExceptionalValue here when a value is missing-->
          <valid-time-begin>2039-02-07T15:53:53Z</valid-time-begin>
          <valid-time-end>2022-05-07T03:20:37Z</valid-time-end>
          <valid-true>Yes</valid-true>
        </mlhim2:el-076ad3bf-edbc-4877-827a-4843225e03fb>
      </mlhim2:el-8aff6c15-f828-4948-9222-195c1b2f0954>
      <mlhim2:el-d97909c4-c7c9-4d47-b8ba-0c5a084bff99> <!-- DvAdapter -->
        <mlhim2:el-159554b0-483d-4fb6-be5f-a97282374190> <!-- DvURI -->
          <data-name>attached to - Test 2.4.6</data-name>
          <!-- Use any subtype of ExceptionalValue here when a value is missing-->
          <valid-time-begin>2021-11-04T00:28:48Z</valid-time-begin>
          <valid-time-end>2006-02-08T04:42:14Z</valid-time-end>
          <DvURI-dv>http://www.ccdgen.com</DvURI-dv>
          <relation>http://purl.obolibrary.org/obo/RO_0002371</relation>
        </mlhim2:el-159554b0-483d-4fb6-be5f-a97282374190>
      </mlhim2:el-d97909c4-c7c9-4d47-b8ba-0c5a084bff99>
      <mlhim2:el-e9cbb207-9e89-416c-8b71-7cdb859b3097> <!-- DvAdapter -->
        <mlhim2:el-8746e849-eb18-4cce-8069-bf5617f47c14> <!-- DvString -->
          <data-name>Blood Pressure Device (Test 2.4.6)</data-name>
          <!-- Use any subtype of ExceptionalValue here when a value is missing-->
          <valid-time-begin>2004-12-04T17:31:25Z</valid-time-begin>
          <valid-time-end>2016-05-13T10:31:05Z</valid-time-end>
          <DvString-dv>Digital</DvString-dv>
          <language>en-US</language>
        </mlhim2:el-8746e849-eb18-4cce-8069-bf5617f47c14>
      </mlhim2:el-e9cbb207-9e89-416c-8b71-7cdb859b3097>
      <mlhim2:el-3bdd7392-a76a-4c1a-83a4-48b3638ba2eb> <!-- DvAdapter -->
        <mlhim2:el-c5c83bc1-d5f4-4196-ae18-a1ca0bc159d0> <!-- DvOrdinal -->
          <data-name>Karnofsky Performance Status Score - Test 2.4.6</data-name>
          <!-- Use any subtype of ExceptionalValue here when a value is missing-->
          <valid-time-begin>2032-11-28T11:16:36Z</valid-time-begin>
          <valid-time-end>1971-09-22T16:26:32Z</valid-time-end>
        <mlhim2:el-abf08307-6588-484d-b5bd-b878577f44b4> <!-- ReferenceRange -->
            <data-name>Test ReferenceRange</data-name>
            <!-- Use any subtype of ExceptionalValue here when a value is missing-->
            <valid-time-begin>1976-03-24T22:05:13Z</valid-time-begin>
            <valid-time-end>1994-10-02T05:14:15Z</valid-time-end>
            <referencerange-definition>ReferenceRange for testing only.</referencerange-definition>
            <mlhim2:el-1a00dbbb-fcdd-4276-8fa0-8cf0946c6bfb> <!-- DvInterval -->
              <data-name>Gestational Age - Test 2.4.6</data-name>
              <!-- Use any subtype of ExceptionalValue here when a value is missing-->
              <valid-time-begin>1997-10-26T14:05:53Z</valid-time-begin>
              <valid-time-end>2010-09-28T14:26:34Z</valid-time-end>
              <lower>
                <invl-int>0</invl-int>
              </lower>
              <upper>
                <invl-int>2</invl-int>
              </upper>
              <lower-included>true</lower-included>
              <upper-included>true</upper-included>
              <lower-bounded>true</lower-bounded>
              <upper-bounded>true</upper-bounded>
            </mlhim2:el-1a00dbbb-fcdd-4276-8fa0-8cf0946c6bfb>
            <is-normal>false</is-normal>
          </mlhim2:el-abf08307-6588-484d-b5bd-b878577f44b4>
          <normal-status>Normal, no complaints, no evidence of disease</normal-status>
          <DvOrdinal-dv>100</DvOrdinal-dv>
          <symbol>Normal, no complaints, no evidence of disease</symbol>
        </mlhim2:el-c5c83bc1-d5f4-4196-ae18-a1ca0bc159d0>
      </mlhim2:el-3bdd7392-a76a-4c1a-83a4-48b3638ba2eb>
      <mlhim2:el-243a0558-0406-4663-8a96-321ccb59e24f> <!-- DvAdapter -->
        <mlhim2:el-366d5839-e2f5-4783-9577-b303118ec585> <!-- DvCount -->
            <data-name>Number of aiquots - Test 2.4.6</data-name>
          <!-- Use any subtype of ExceptionalValue here when a value is missing-->
            <valid-time-begin>2045-12-29T14:21:15Z</valid-time-begin>
            <valid-time-end>1996-08-05T05:03:46Z</valid-time-end>
        <mlhim2:el-bcc92170-0d53-4d3a-812f-9360ac3652af> <!-- ReferenceRange -->
            <data-name>Hypotension for 1 year old - Test 2.4.6</data-name>
            <!-- Use any subtype of ExceptionalValue here when a value is missing-->
            <valid-time-begin>2044-09-10T04:09:59Z</valid-time-begin>
            <valid-time-end>1986-01-23T02:11:27Z</valid-time-end>
            <referencerange-definition>Hypotension for 1 year old</referencerange-definition>
            <mlhim2:el-a2554d00-e5b7-4ebf-8982-b792b8a7380a> <!-- DvInterval -->
              <data-name>Hypotension for 1 year old - Test 2.4.6</data-name>
              <!-- Use any subtype of ExceptionalValue here when a value is missing-->
              <valid-time-begin>2043-07-26T17:25:19Z</valid-time-begin>
              <valid-time-end>1980-06-08T00:57:28Z</valid-time-end>
              <lower>
                <invl-decimal>0</invl-decimal>
              </lower>
              <upper>
                <invl-decimal>72</invl-decimal>
              </upper>
              <lower-included>true</lower-included>
              <upper-included>false</upper-included>
              <lower-bounded>true</lower-bounded>
              <upper-bounded>true</upper-bounded>
            </mlhim2:el-a2554d00-e5b7-4ebf-8982-b792b8a7380a>
            <is-normal>false</is-normal>
          </mlhim2:el-bcc92170-0d53-4d3a-812f-9360ac3652af>
            <magnitude>539360</magnitude>
            <mlhim2:magnitude-status>=</mlhim2:magnitude-status>
            <error>0</error>
            <accuracy>0</accuracy>
          <mlhim2:el-fed68b87-499c-4e71-a79b-24724d0aeefd> <!-- DvString -->
            <data-name>Lab Test Unit of Measure UCUM Codes - Test 2.4.6</data-name>
            <!-- Use any subtype of ExceptionalValue here when a value is missing-->
            <valid-time-begin>1975-05-27T12:53:57Z</valid-time-begin>
            <valid-time-end>1982-03-19T02:16:27Z</valid-time-end>
            <DvString-dv>Million</DvString-dv>
            <language>en-US</language>
          </mlhim2:el-fed68b87-499c-4e71-a79b-24724d0aeefd>
        </mlhim2:el-366d5839-e2f5-4783-9577-b303118ec585>
      </mlhim2:el-243a0558-0406-4663-8a96-321ccb59e24f>
      <mlhim2:el-78f38614-fce7-463c-a332-f4846d00818a> <!-- DvAdapter -->
        <mlhim2:el-a840f5d1-8099-4d89-b05d-d57ea0eb687c> <!-- DvQuantity -->
          <data-name>Body Temperature - Test 2.4.6</data-name>
          <!-- Use any subtype of ExceptionalValue here when a value is missing-->
          <valid-time-begin>1987-07-11T18:20:45Z</valid-time-begin>
          <valid-time-end>2030-05-04T12:40:36Z</valid-time-end>
        <mlhim2:el-abf08307-6588-484d-b5bd-b878577f44b4> <!-- ReferenceRange -->
            <data-name>Test ReferenceRange</data-name>
            <!-- Use any subtype of ExceptionalValue here when a value is missing-->
            <valid-time-begin>2021-01-07T18:36:11Z</valid-time-begin>
            <valid-time-end>2014-05-31T05:47:44Z</valid-time-end>
            <referencerange-definition>ReferenceRange for testing only.</referencerange-definition>
            <mlhim2:el-1a00dbbb-fcdd-4276-8fa0-8cf0946c6bfb> <!-- DvInterval -->
              <data-name>Gestational Age - Test 2.4.6</data-name>
              <!-- Use any subtype of ExceptionalValue here when a value is missing-->
              <valid-time-begin>2050-03-30T02:33:15Z</valid-time-begin>
              <valid-time-end>2023-05-02T14:19:28Z</valid-time-end>
              <lower>
                <invl-int>0</invl-int>
              </lower>
              <upper>
                <invl-int>2</invl-int>
              </upper>
              <lower-included>true</lower-included>
              <upper-included>true</upper-included>
              <lower-bounded>true</lower-bounded>
              <upper-bounded>true</upper-bounded>
            </mlhim2:el-1a00dbbb-fcdd-4276-8fa0-8cf0946c6bfb>
            <is-normal>false</is-normal>
          </mlhim2:el-abf08307-6588-484d-b5bd-b878577f44b4>
            <magnitude>852</magnitude>
          <mlhim2:magnitude-status>=</mlhim2:magnitude-status>
          <error>0</error>
          <accuracy>0</accuracy>
          <mlhim2:el-baec2a19-ea79-43e0-ba75-a9aed09af816> <!-- DvString -->
            <data-name>bpm Test 2.4.6</data-name>
            <!-- Use any subtype of ExceptionalValue here when a value is missing-->
            <valid-time-begin>2014-03-12T12:02:50Z</valid-time-begin>
            <valid-time-end>1975-01-20T09:57:49Z</valid-time-end>
            <DvString-dv>bpm</DvString-dv>
            <language>en-US</language>
          </mlhim2:el-baec2a19-ea79-43e0-ba75-a9aed09af816>
        </mlhim2:el-a840f5d1-8099-4d89-b05d-d57ea0eb687c>
      </mlhim2:el-78f38614-fce7-463c-a332-f4846d00818a>
      <mlhim2:el-90d5df6f-b3ef-4d53-93d2-de4a5afdb18f> <!-- DvAdapter -->
        <mlhim2:el-c16e2d04-84f5-4980-90c7-aa1c1495428a> <!-- DvRatio -->
          <data-name>Test Ratio</data-name>
          <!-- Use any subtype of ExceptionalValue here when a value is missing-->
          <valid-time-begin>1978-02-24T06:02:42Z</valid-time-begin>
          <valid-time-end>2010-07-03T17:50:07Z</valid-time-end>
        <mlhim2:el-abf08307-6588-484d-b5bd-b878577f44b4> <!-- ReferenceRange -->
            <data-name>Test ReferenceRange</data-name>
            <!-- Use any subtype of ExceptionalValue here when a value is missing-->
            <valid-time-begin>1987-10-26T20:28:12Z</valid-time-begin>
            <valid-time-end>1975-07-15T22:52:41Z</valid-time-end>
            <referencerange-definition>ReferenceRange for testing only.</referencerange-definition>
            <mlhim2:el-1a00dbbb-fcdd-4276-8fa0-8cf0946c6bfb> <!-- DvInterval -->
              <data-name>Gestational Age - Test 2.4.6</data-name>
              <!-- Use any subtype of ExceptionalValue here when a value is missing-->
              <valid-time-begin>1982-01-07T10:50:08Z</valid-time-begin>
              <valid-time-end>1987-08-11T21:33:19Z</valid-time-end>
              <lower>
                <invl-int>0</invl-int>
              </lower>
              <upper>
                <invl-int>2</invl-int>
              </upper>
              <lower-included>true</lower-included>
              <upper-included>true</upper-included>
              <lower-bounded>true</lower-bounded>
              <upper-bounded>true</upper-bounded>
            </mlhim2:el-1a00dbbb-fcdd-4276-8fa0-8cf0946c6bfb>
            <is-normal>false</is-normal>
          </mlhim2:el-abf08307-6588-484d-b5bd-b878577f44b4>
            <magnitude>0.447066552</magnitude>
          <mlhim2:magnitude-status>=</mlhim2:magnitude-status>
          <error>0</error>
          <accuracy>0</accuracy>
          <mlhim2:ratio-type>ratio</mlhim2:ratio-type>
          <numerator>252408.1366046867333352565765380859375</numerator>
          <denominator>564587.38745784224011003971099853515625</denominator>
          <!-- Numerator Units -->
          <!-- Denominator Units -->
          <!-- Ratio Units -->
        <!-- None Defined -->
        </mlhim2:el-c16e2d04-84f5-4980-90c7-aa1c1495428a>
      </mlhim2:el-90d5df6f-b3ef-4d53-93d2-de4a5afdb18f>
      <mlhim2:el-5ff9fcfc-6260-426d-b999-86b96a6764c7> <!-- DvAdapter -->
        <mlhim2:el-7a658103-aaa2-47b7-b8ec-04599a2cfe28> <!-- DvTemporal -->
          <data-name>Minutes post injection start time - Test 2.4.6</data-name>
          <!-- Use any subtype of ExceptionalValue here when a value is missing-->
          <valid-time-begin>2026-04-29T19:57:21Z</valid-time-begin>
          <valid-time-end>2026-10-11T21:18:10Z</valid-time-end>
          <dvtemporal-time>00:00:00Z</dvtemporal-time>
        </mlhim2:el-7a658103-aaa2-47b7-b8ec-04599a2cfe28>
      </mlhim2:el-5ff9fcfc-6260-426d-b999-86b96a6764c7>
    </mlhim2:el-a8fe0e8e-6efa-45f7-86fd-703bfb7bad0d>
  </mlhim2:el-69245be7-3a9b-45e2-a109-9359e09c3859>
</mlhim2:ccd-d382c66e-c4b3-4add-b4f2-f10eb655d7e3>
