<?xml version="1.0" encoding="UTF-8"?>
<ccd:ccd-206943cb-c1d0-44a2-be42-f1f67f15e9f9 xmlns:mlhim245='http://www.mlhim.org/xmlns/mlhim2/2_4_5'
xmlns:ccd='http://www.mlhim.org/ccd'
xmlns:xsi='http://www.w3.org/2001/XMLSchema-instance'
xsi:schemaLocation='http://www.mlhim.org/xmlns/mlhim2/2_4_5 http://www.ccdgen.com/ccdlib/ccd-206943cb-c1d0-44a2-be42-f1f67f15e9f9.xsd'>
  <ccd:el-a0027045-e177-4117-a90e-dbb5e1526569> <!-- Entry -->
  <!-- entry-links -->
      <ccd:el-c0bfcffb-8891-4b60-a3a9-fafc716d4283> <!-- DvURI -->
      <data-name>Connected To - Test 2.4.5</data-name>
      <!-- Use any subtype of ExceptionalValue here when a value is missing-->
      <valid-time-begin>1978-07-01T22:50:59Z</valid-time-begin>
      <valid-time-end>2018-04-03T22:33:51Z</valid-time-end>
      <DvURI-dv>http://www.ccdgen.com</DvURI-dv>
      <relation>connected to</relation>
    </ccd:el-c0bfcffb-8891-4b60-a3a9-fafc716d4283>
  <!-- entry-audit -->
      <ccd:el-cab1f0d2-04f4-48c4-85e2-6f2952a823ec> <!-- Audit -->
      <!-- Audit system-id -->
      <ccd:el-6f8999dc-5b17-4f9b-9a5f-55ec89848edc> <!-- DvIdentifier -->
        <data-name>System ID - Test 2.4.5</data-name>
        <!-- Use any subtype of ExceptionalValue here when a value is missing-->
        <valid-time-begin>1977-03-21T15:12:23Z</valid-time-begin>
        <valid-time-end>2013-05-01T16:52:50Z</valid-time-end>
        <DvString-dv>Default ID</DvString-dv>
        <language>en-US</language>
        <id-name>URI</id-name>
        <issuer>Owner</issuer>
        <assignor>Owner</assignor>
      </ccd:el-6f8999dc-5b17-4f9b-9a5f-55ec89848edc>
      <!-- Audit system-user -->
      <!-- Audit location -->
      <timestamp>1999-03-26T23:46:52Z</timestamp>
    </ccd:el-cab1f0d2-04f4-48c4-85e2-6f2952a823ec>
  <language>en-US</language>
  <encoding>utf-8</encoding>
  <!-- entry-subject -->
      <ccd:el-3ac6a66e-fa00-4635-b7db-a9938f124a2b> <!-- Party -->
      <party-name>A. Sample Name</party-name>
      <!-- PI external-ref -->
      <!-- PI details -->
      <ccd:el-ae837ef0-cfc2-4a7a-8791-46e13dd3a79a> <!-- Cluster -->
        <cluster-subject>Address Details (US)</cluster-subject>
        <ccd:el-81450576-b284-4c9c-a48b-fce809dab869> <!-- DvAdapter -->
          <ccd:el-d102a7b2-675c-432c-b7a2-1df1620e1ccc> <!-- DvString -->
            <data-name>Additional Address Line(s) (US)</data-name>
            <!-- Use any subtype of ExceptionalValue here when a value is missing-->
            <valid-time-begin>2007-11-04T01:38:01Z</valid-time-begin>
            <valid-time-end>1986-11-05T17:40:56Z</valid-time-end>
            <DvString-dv>Default String</DvString-dv>
            <language>en-US</language>
          </ccd:el-d102a7b2-675c-432c-b7a2-1df1620e1ccc>
        </ccd:el-81450576-b284-4c9c-a48b-fce809dab869>
        <ccd:el-3f8ea455-9e59-46ac-9889-15ef78040ebf> <!-- DvAdapter -->
          <ccd:el-aea44d76-771e-4c34-ae69-6d37643e96b7> <!-- DvString -->
            <data-name>State Abbreviation (USPS)</data-name>
            <!-- Use any subtype of ExceptionalValue here when a value is missing-->
            <valid-time-begin>1988-08-03T21:46:55Z</valid-time-begin>
            <valid-time-end>1988-11-11T05:43:17Z</valid-time-end>
            <DvString-dv>AL</DvString-dv>
            <language>en-US</language>
          </ccd:el-aea44d76-771e-4c34-ae69-6d37643e96b7>
        </ccd:el-3f8ea455-9e59-46ac-9889-15ef78040ebf>
        <ccd:el-d2bdf7e2-bb37-457f-8782-ee22fb8cee12> <!-- DvAdapter -->
          <ccd:el-ffa9835f-7ff3-4be8-ad9f-0fa536f8b7b8> <!-- DvString -->
            <data-name>Street Number and Name (US)</data-name>
            <!-- Use any subtype of ExceptionalValue here when a value is missing-->
            <valid-time-begin>1983-03-18T06:28:10Z</valid-time-begin>
            <valid-time-end>2007-09-04T08:52:28Z</valid-time-end>
            <DvString-dv>Default String</DvString-dv>
            <language>en-US</language>
          </ccd:el-ffa9835f-7ff3-4be8-ad9f-0fa536f8b7b8>
        </ccd:el-d2bdf7e2-bb37-457f-8782-ee22fb8cee12>
        <ccd:el-ed052649-7ccc-49f7-8de4-54dd37227e3f> <!-- DvAdapter -->
          <ccd:el-9c65478e-5cdf-413b-aa54-ce0574e48374> <!-- DvString -->
            <data-name>Telephone Number (US)</data-name>
            <!-- Use any subtype of ExceptionalValue here when a value is missing-->
            <valid-time-begin>1988-01-04T18:30:53Z</valid-time-begin>
            <valid-time-end>1981-09-28T17:51:35Z</valid-time-end>
            <DvString-dv>111-111-1111</DvString-dv>
            <language>en-US</language>
          </ccd:el-9c65478e-5cdf-413b-aa54-ce0574e48374>
        </ccd:el-ed052649-7ccc-49f7-8de4-54dd37227e3f>
        <ccd:el-4ed453ea-0435-4366-83f4-bb444c2a4885> <!-- DvAdapter -->
          <ccd:el-3a45af86-b8fd-4161-b9e0-4ccf6322493a> <!-- DvString -->
            <data-name>Zip Code (US)</data-name>
            <!-- Use any subtype of ExceptionalValue here when a value is missing-->
            <valid-time-begin>1985-10-07T17:37:14Z</valid-time-begin>
            <valid-time-end>1980-04-05T16:26:21Z</valid-time-end>
            <DvString-dv>75843</DvString-dv>
            <language>en-US</language>
          </ccd:el-3a45af86-b8fd-4161-b9e0-4ccf6322493a>
        </ccd:el-4ed453ea-0435-4366-83f4-bb444c2a4885>
      </ccd:el-ae837ef0-cfc2-4a7a-8791-46e13dd3a79a>
    </ccd:el-3ac6a66e-fa00-4635-b7db-a9938f124a2b>
  <!-- entry-provider -->
      <ccd:el-698a77d4-0c09-48ab-944e-62bd93b07c5a> <!-- Party -->
      <party-name>A. Sample Name</party-name>
      <!-- PI external-ref -->
      <ccd:el-fadd4b97-559d-423d-a90f-49a712e6f1bf> <!-- DvURI -->
        <data-name>External Reference for Party - Test 2.4.5</data-name>
        <!-- Use any subtype of ExceptionalValue here when a value is missing-->
        <valid-time-begin>1971-12-30T18:44:11Z</valid-time-begin>
        <valid-time-end>2017-07-11T08:00:07Z</valid-time-end>
        <DvURI-dv>http://www.ccdgen.com</DvURI-dv>
        <relation>Party Associated with the record</relation>
      </ccd:el-fadd4b97-559d-423d-a90f-49a712e6f1bf>
      <!-- PI details -->
      <ccd:el-ae837ef0-cfc2-4a7a-8791-46e13dd3a79a> <!-- Cluster -->
        <cluster-subject>Address Details (US)</cluster-subject>
        <ccd:el-81450576-b284-4c9c-a48b-fce809dab869> <!-- DvAdapter -->
          <ccd:el-d102a7b2-675c-432c-b7a2-1df1620e1ccc> <!-- DvString -->
            <data-name>Additional Address Line(s) (US)</data-name>
            <!-- Use any subtype of ExceptionalValue here when a value is missing-->
            <valid-time-begin>2008-01-30T07:14:45Z</valid-time-begin>
            <valid-time-end>2014-09-14T21:31:22Z</valid-time-end>
            <DvString-dv>Default String</DvString-dv>
            <language>en-US</language>
          </ccd:el-d102a7b2-675c-432c-b7a2-1df1620e1ccc>
        </ccd:el-81450576-b284-4c9c-a48b-fce809dab869>
        <ccd:el-3f8ea455-9e59-46ac-9889-15ef78040ebf> <!-- DvAdapter -->
          <ccd:el-aea44d76-771e-4c34-ae69-6d37643e96b7> <!-- DvString -->
            <data-name>State Abbreviation (USPS)</data-name>
            <!-- Use any subtype of ExceptionalValue here when a value is missing-->
            <valid-time-begin>2008-10-30T02:22:48Z</valid-time-begin>
            <valid-time-end>1980-03-26T10:18:57Z</valid-time-end>
            <DvString-dv>OR</DvString-dv>
            <language>en-US</language>
          </ccd:el-aea44d76-771e-4c34-ae69-6d37643e96b7>
        </ccd:el-3f8ea455-9e59-46ac-9889-15ef78040ebf>
        <ccd:el-d2bdf7e2-bb37-457f-8782-ee22fb8cee12> <!-- DvAdapter -->
          <ccd:el-ffa9835f-7ff3-4be8-ad9f-0fa536f8b7b8> <!-- DvString -->
            <data-name>Street Number and Name (US)</data-name>
            <!-- Use any subtype of ExceptionalValue here when a value is missing-->
            <valid-time-begin>2018-03-03T01:00:40Z</valid-time-begin>
            <valid-time-end>1986-09-19T02:35:55Z</valid-time-end>
            <DvString-dv>Default String</DvString-dv>
            <language>en-US</language>
          </ccd:el-ffa9835f-7ff3-4be8-ad9f-0fa536f8b7b8>
        </ccd:el-d2bdf7e2-bb37-457f-8782-ee22fb8cee12>
        <ccd:el-ed052649-7ccc-49f7-8de4-54dd37227e3f> <!-- DvAdapter -->
          <ccd:el-9c65478e-5cdf-413b-aa54-ce0574e48374> <!-- DvString -->
            <data-name>Telephone Number (US)</data-name>
            <!-- Use any subtype of ExceptionalValue here when a value is missing-->
            <valid-time-begin>1983-05-05T17:27:08Z</valid-time-begin>
            <valid-time-end>1985-09-04T08:15:43Z</valid-time-end>
            <DvString-dv>111-111-1111</DvString-dv>
            <language>en-US</language>
          </ccd:el-9c65478e-5cdf-413b-aa54-ce0574e48374>
        </ccd:el-ed052649-7ccc-49f7-8de4-54dd37227e3f>
        <ccd:el-4ed453ea-0435-4366-83f4-bb444c2a4885> <!-- DvAdapter -->
          <ccd:el-3a45af86-b8fd-4161-b9e0-4ccf6322493a> <!-- DvString -->
            <data-name>Zip Code (US)</data-name>
            <!-- Use any subtype of ExceptionalValue here when a value is missing-->
            <valid-time-begin>2000-08-08T05:36:38Z</valid-time-begin>
            <valid-time-end>1989-03-14T09:49:18Z</valid-time-end>
            <DvString-dv>87681</DvString-dv>
            <language>en-US</language>
          </ccd:el-3a45af86-b8fd-4161-b9e0-4ccf6322493a>
        </ccd:el-4ed453ea-0435-4366-83f4-bb444c2a4885>
      </ccd:el-ae837ef0-cfc2-4a7a-8791-46e13dd3a79a>
    </ccd:el-698a77d4-0c09-48ab-944e-62bd93b07c5a>
  <!-- other-participations -->
      <ccd:el-a52c1699-c3e2-4cff-9980-89ccb9180f8d> <!-- Participation -->
      <!-- performer -->
      <ccd:el-37117243-14ad-49ee-b909-f656c8189b53> <!-- Party -->
        <party-name>A. Sample Name</party-name>
        <!-- PI external-ref -->
        <ccd:el-fadd4b97-559d-423d-a90f-49a712e6f1bf> <!-- DvURI -->
          <data-name>External Reference for Party - Test 2.4.5</data-name>
          <!-- Use any subtype of ExceptionalValue here when a value is missing-->
          <valid-time-begin>1977-11-14T17:45:33Z</valid-time-begin>
          <valid-time-end>1994-11-18T23:22:19Z</valid-time-end>
          <DvURI-dv>http://www.ccdgen.com</DvURI-dv>
          <relation>Party Associated with the record</relation>
        </ccd:el-fadd4b97-559d-423d-a90f-49a712e6f1bf>
        <!-- PI details -->
        <ccd:el-ae837ef0-cfc2-4a7a-8791-46e13dd3a79a> <!-- Cluster -->
          <cluster-subject>Address Details (US)</cluster-subject>
          <ccd:el-81450576-b284-4c9c-a48b-fce809dab869> <!-- DvAdapter -->
            <ccd:el-d102a7b2-675c-432c-b7a2-1df1620e1ccc> <!-- DvString -->
              <data-name>Additional Address Line(s) (US)</data-name>
              <!-- Use any subtype of ExceptionalValue here when a value is missing-->
              <valid-time-begin>2001-06-12T03:57:41Z</valid-time-begin>
              <valid-time-end>2007-07-05T09:17:24Z</valid-time-end>
              <DvString-dv>Default String</DvString-dv>
              <language>en-US</language>
            </ccd:el-d102a7b2-675c-432c-b7a2-1df1620e1ccc>
          </ccd:el-81450576-b284-4c9c-a48b-fce809dab869>
          <ccd:el-3f8ea455-9e59-46ac-9889-15ef78040ebf> <!-- DvAdapter -->
            <ccd:el-aea44d76-771e-4c34-ae69-6d37643e96b7> <!-- DvString -->
              <data-name>State Abbreviation (USPS)</data-name>
              <!-- Use any subtype of ExceptionalValue here when a value is missing-->
              <valid-time-begin>2008-07-21T16:27:44Z</valid-time-begin>
              <valid-time-end>2018-08-22T23:59:05Z</valid-time-end>
              <DvString-dv>AE</DvString-dv>
              <language>en-US</language>
            </ccd:el-aea44d76-771e-4c34-ae69-6d37643e96b7>
          </ccd:el-3f8ea455-9e59-46ac-9889-15ef78040ebf>
          <ccd:el-d2bdf7e2-bb37-457f-8782-ee22fb8cee12> <!-- DvAdapter -->
            <ccd:el-ffa9835f-7ff3-4be8-ad9f-0fa536f8b7b8> <!-- DvString -->
              <data-name>Street Number and Name (US)</data-name>
              <!-- Use any subtype of ExceptionalValue here when a value is missing-->
              <valid-time-begin>1980-10-08T15:09:20Z</valid-time-begin>
              <valid-time-end>2020-01-25T20:41:51Z</valid-time-end>
              <DvString-dv>Default String</DvString-dv>
              <language>en-US</language>
            </ccd:el-ffa9835f-7ff3-4be8-ad9f-0fa536f8b7b8>
          </ccd:el-d2bdf7e2-bb37-457f-8782-ee22fb8cee12>
          <ccd:el-ed052649-7ccc-49f7-8de4-54dd37227e3f> <!-- DvAdapter -->
            <ccd:el-9c65478e-5cdf-413b-aa54-ce0574e48374> <!-- DvString -->
              <data-name>Telephone Number (US)</data-name>
              <!-- Use any subtype of ExceptionalValue here when a value is missing-->
              <valid-time-begin>2010-09-17T07:48:00Z</valid-time-begin>
              <valid-time-end>1999-11-28T12:05:10Z</valid-time-end>
              <DvString-dv>111-111-1111</DvString-dv>
              <language>en-US</language>
            </ccd:el-9c65478e-5cdf-413b-aa54-ce0574e48374>
          </ccd:el-ed052649-7ccc-49f7-8de4-54dd37227e3f>
          <ccd:el-4ed453ea-0435-4366-83f4-bb444c2a4885> <!-- DvAdapter -->
            <ccd:el-3a45af86-b8fd-4161-b9e0-4ccf6322493a> <!-- DvString -->
              <data-name>Zip Code (US)</data-name>
              <!-- Use any subtype of ExceptionalValue here when a value is missing-->
              <valid-time-begin>2008-02-27T06:43:43Z</valid-time-begin>
              <valid-time-end>1971-12-14T02:43:16Z</valid-time-end>
              <DvString-dv>72498-0048</DvString-dv>
              <language>en-US</language>
            </ccd:el-3a45af86-b8fd-4161-b9e0-4ccf6322493a>
          </ccd:el-4ed453ea-0435-4366-83f4-bb444c2a4885>
        </ccd:el-ae837ef0-cfc2-4a7a-8791-46e13dd3a79a>
      </ccd:el-37117243-14ad-49ee-b909-f656c8189b53>
      <!-- function -->
      <ccd:el-cf7bb5ef-b6f0-42df-b144-aa475de9f010> <!-- DvCodedString -->
        <data-name>Participation Function - Test 2.4.5</data-name>
        <!-- Use any subtype of ExceptionalValue here when a value is missing-->
        <valid-time-begin>2006-08-06T20:29:58Z</valid-time-begin>
        <valid-time-end>1970-04-28T03:18:12Z</valid-time-end>
        <DvString-dv>Person</DvString-dv>
        <language>en-US</language>
        <terminology-abbrev>FOAF</terminology-abbrev>
        <terminology-name>Friend Of A Friend</terminology-name>
        <terminology-version>0.98</terminology-version>
        <terminology-code>Person</terminology-code>
      </ccd:el-cf7bb5ef-b6f0-42df-b144-aa475de9f010>
      <!-- mode -->
      <ccd:el-fa1a3488-43d7-4e2f-8807-a3f9ddeeccee> <!-- DvCodedString -->
        <data-name>Participation Mode - Test 2.4.5</data-name>
        <!-- Use any subtype of ExceptionalValue here when a value is missing-->
        <valid-time-begin>1999-10-08T05:44:28Z</valid-time-begin>
        <valid-time-end>1993-10-08T21:19:43Z</valid-time-end>
        <DvString-dv>Agent</DvString-dv>
        <language>en-US</language>
        <terminology-abbrev>FOAF</terminology-abbrev>
        <terminology-name>Friend Of A Friend</terminology-name>
        <terminology-version>0.98</terminology-version>
        <terminology-code>Agent</terminology-code>
      </ccd:el-fa1a3488-43d7-4e2f-8807-a3f9ddeeccee>
      <start-time>1974-09-10T14:51:38Z</start-time>
      <end-time>1998-07-06T18:09:28Z</end-time>
    </ccd:el-a52c1699-c3e2-4cff-9980-89ccb9180f8d>
  <!-- protocol-id -->
      <ccd:el-90f19fde-c3b0-422a-85ad-30ed7139c57a> <!-- DvIdentifier -->
      <data-name>Generic Protocol ID - Test 2.4.5</data-name>
      <!-- Use any subtype of ExceptionalValue here when a value is missing-->
      <valid-time-begin>2001-12-25T16:38:36Z</valid-time-begin>
      <valid-time-end>1975-12-07T05:14:30Z</valid-time-end>
      <DvString-dv>Default ID</DvString-dv>
      <language>en-US</language>
      <id-name>Protocal ID</id-name>
      <issuer>Owner</issuer>
      <assignor>Owner</assignor>
    </ccd:el-90f19fde-c3b0-422a-85ad-30ed7139c57a>
  <!-- workflow-id -->
      <ccd:el-3b46a988-3845-4660-9f3c-bc09b23ca7b7> <!-- DvURI -->
      <data-name>Workflow ID - Test 2.4.5</data-name>
      <!-- Use any subtype of ExceptionalValue here when a value is missing-->
      <valid-time-begin>1981-10-20T14:33:09Z</valid-time-begin>
      <valid-time-end>1976-09-06T02:18:13Z</valid-time-end>
      <DvURI-dv>http://www.ccdgen.com</DvURI-dv>
      <relation>material information bearer</relation>
    </ccd:el-3b46a988-3845-4660-9f3c-bc09b23ca7b7>
  <!-- attestation -->
  <ccd:el-e7e01230-264b-4e8e-9ee9-0bfa0892e692> <!-- Attestation -->
      <!-- ATT attested-view -->
      <ccd:el-769d1fbc-ef3e-484b-bcec-c292bdb0f16e> <!-- DvMedia -->
        <data-name>Attestation View - Test 2.4.5</data-name>
        <!-- Use any subtype of ExceptionalValue here when a value is missing-->
        <valid-time-begin>2009-12-17T06:09:58Z</valid-time-begin>
        <valid-time-end>1987-04-04T14:23:55Z</valid-time-end>
        <size>0</size>
        <encoding>utf-8</encoding>
        <language>en-US</language>
        <mime-type>png</mime-type>
        <compression-type>gz</compression-type>
        <hash-result>dshfsoud6y3rwpef838rhf983trgf9e93w8rytgf</hash-result>
        <hash-function>MD5</hash-function>
        <alt-txt>Fake Media entry data.</alt-txt>
        <uri>http://www.mlhim.org/fake_media</uri>
        <!--<media-content></media-content>-->
      </ccd:el-769d1fbc-ef3e-484b-bcec-c292bdb0f16e>
      <!-- ATT :proof -->
      <ccd:el-dcc9f32f-0e24-4884-aabb-145d24e21aaf> <!-- DvParsable -->
        <data-name>Proof - Test 2.4.5</data-name>
        <!-- Use any subtype of ExceptionalValue here when a value is missing-->
        <valid-time-begin>1979-08-27T18:36:56Z</valid-time-begin>
        <valid-time-end>1987-12-11T23:25:48Z</valid-time-end>
        <size>0</size>
        <encoding>utf-8</encoding>
        <language>en-US</language>
        <DvParsable-dv>Some parsable information.</DvParsable-dv>
        <formalism>Unknown</formalism>
      </ccd:el-dcc9f32f-0e24-4884-aabb-145d24e21aaf>
      <!-- ATT reason -->
      <ccd:el-93d066ef-c6ed-4fec-b747-aa87c71bbbbc> <!-- DvCodedString -->
        <data-name>Attestation Reason - Test 2.4.5</data-name>
        <!-- Use any subtype of ExceptionalValue here when a value is missing-->
        <valid-time-begin>1975-07-07T00:45:37Z</valid-time-begin>
        <valid-time-end>1998-07-16T02:46:54Z</valid-time-end>
        <DvString-dv>release</DvString-dv>
        <language>en-US</language>
        <terminology-abbrev>DOAP</terminology-abbrev>
        <terminology-name>Description of a Project</terminology-name>
        <terminology-version>0.1</terminology-version>
        <terminology-code>release</terminology-code>
      </ccd:el-93d066ef-c6ed-4fec-b747-aa87c71bbbbc>
      <!-- ATT committer -->
      <ccd:el-35143f27-80b9-4aee-85ed-4cdae000b27a> <!-- Party -->
        <party-name>A. Sample Name</party-name>
        <!-- PI external-ref -->
        <ccd:el-fadd4b97-559d-423d-a90f-49a712e6f1bf> <!-- DvURI -->
          <data-name>External Reference for Party - Test 2.4.5</data-name>
          <!-- Use any subtype of ExceptionalValue here when a value is missing-->
          <valid-time-begin>1984-03-20T13:10:01Z</valid-time-begin>
          <valid-time-end>2016-06-23T06:47:55Z</valid-time-end>
          <DvURI-dv>http://www.ccdgen.com</DvURI-dv>
          <relation>Party Associated with the record</relation>
        </ccd:el-fadd4b97-559d-423d-a90f-49a712e6f1bf>
        <!-- PI details -->
        <ccd:el-ae837ef0-cfc2-4a7a-8791-46e13dd3a79a> <!-- Cluster -->
          <cluster-subject>Address Details (US)</cluster-subject>
          <ccd:el-81450576-b284-4c9c-a48b-fce809dab869> <!-- DvAdapter -->
            <ccd:el-d102a7b2-675c-432c-b7a2-1df1620e1ccc> <!-- DvString -->
              <data-name>Additional Address Line(s) (US)</data-name>
              <!-- Use any subtype of ExceptionalValue here when a value is missing-->
              <valid-time-begin>2003-04-07T19:00:58Z</valid-time-begin>
              <valid-time-end>1981-07-08T17:09:50Z</valid-time-end>
              <DvString-dv>Default String</DvString-dv>
              <language>en-US</language>
            </ccd:el-d102a7b2-675c-432c-b7a2-1df1620e1ccc>
          </ccd:el-81450576-b284-4c9c-a48b-fce809dab869>
          <ccd:el-3f8ea455-9e59-46ac-9889-15ef78040ebf> <!-- DvAdapter -->
            <ccd:el-aea44d76-771e-4c34-ae69-6d37643e96b7> <!-- DvString -->
              <data-name>State Abbreviation (USPS)</data-name>
              <!-- Use any subtype of ExceptionalValue here when a value is missing-->
              <valid-time-begin>2010-03-11T17:20:29Z</valid-time-begin>
              <valid-time-end>2011-10-12T02:11:59Z</valid-time-end>
              <DvString-dv>AP</DvString-dv>
              <language>en-US</language>
            </ccd:el-aea44d76-771e-4c34-ae69-6d37643e96b7>
          </ccd:el-3f8ea455-9e59-46ac-9889-15ef78040ebf>
          <ccd:el-d2bdf7e2-bb37-457f-8782-ee22fb8cee12> <!-- DvAdapter -->
            <ccd:el-ffa9835f-7ff3-4be8-ad9f-0fa536f8b7b8> <!-- DvString -->
              <data-name>Street Number and Name (US)</data-name>
              <!-- Use any subtype of ExceptionalValue here when a value is missing-->
              <valid-time-begin>1980-02-23T22:04:33Z</valid-time-begin>
              <valid-time-end>1977-04-16T08:18:04Z</valid-time-end>
              <DvString-dv>Default String</DvString-dv>
              <language>en-US</language>
            </ccd:el-ffa9835f-7ff3-4be8-ad9f-0fa536f8b7b8>
          </ccd:el-d2bdf7e2-bb37-457f-8782-ee22fb8cee12>
          <ccd:el-ed052649-7ccc-49f7-8de4-54dd37227e3f> <!-- DvAdapter -->
            <ccd:el-9c65478e-5cdf-413b-aa54-ce0574e48374> <!-- DvString -->
              <data-name>Telephone Number (US)</data-name>
              <!-- Use any subtype of ExceptionalValue here when a value is missing-->
              <valid-time-begin>1999-05-06T11:54:50Z</valid-time-begin>
              <valid-time-end>2017-09-18T21:26:43Z</valid-time-end>
              <DvString-dv>111-111-1111</DvString-dv>
              <language>en-US</language>
            </ccd:el-9c65478e-5cdf-413b-aa54-ce0574e48374>
          </ccd:el-ed052649-7ccc-49f7-8de4-54dd37227e3f>
          <ccd:el-4ed453ea-0435-4366-83f4-bb444c2a4885> <!-- DvAdapter -->
            <ccd:el-3a45af86-b8fd-4161-b9e0-4ccf6322493a> <!-- DvString -->
              <data-name>Zip Code (US)</data-name>
              <!-- Use any subtype of ExceptionalValue here when a value is missing-->
              <valid-time-begin>1996-05-16T18:32:02Z</valid-time-begin>
              <valid-time-end>2014-03-14T07:12:56Z</valid-time-end>
              <DvString-dv>927489537</DvString-dv>
              <language>en-US</language>
            </ccd:el-3a45af86-b8fd-4161-b9e0-4ccf6322493a>
          </ccd:el-4ed453ea-0435-4366-83f4-bb444c2a4885>
        </ccd:el-ae837ef0-cfc2-4a7a-8791-46e13dd3a79a>
      </ccd:el-35143f27-80b9-4aee-85ed-4cdae000b27a>
      <time-committed>1979-02-19T22:19:58Z</time-committed>
      <is-pending>true</is-pending>
</ccd:el-e7e01230-264b-4e8e-9ee9-0bfa0892e692>
  <!-- entry-data -->
      <ccd:el-417807c0-0af3-4d54-8ebd-dace00d28f5c> <!-- Cluster -->
      <cluster-subject>Test 2.4.5 : DemographicEntry entry-data</cluster-subject>
      <ccd:el-15cf2dba-db7c-449d-8572-3508d139c3d3> <!-- Cluster -->
        <cluster-subject>Test Sub-Cluster 2.4.5</cluster-subject>
        <ccd:el-f952a87c-55eb-4bf6-a6e3-7d847aef3745> <!-- DvAdapter -->
          <ccd:el-4716f056-aa09-46bf-a6e5-5e79e298217b> <!-- DvCodedString -->
            <data-name>Condition severity - Test 2.4.5</data-name>
            <!-- Use any subtype of ExceptionalValue here when a value is missing-->
            <valid-time-begin>1989-02-16T07:52:39Z</valid-time-begin>
            <valid-time-end>2014-07-20T16:38:34Z</valid-time-end>
            <DvString-dv>Tuberculosis of other organs</DvString-dv>
            <language>en-US</language>
            <terminology-abbrev>ICD-10-PCS</terminology-abbrev>
            <terminology-name>International Classification of Diseases, 10th Revision, Procedure Coding System</terminology-name>
            <terminology-version>20120112</terminology-version>
            <terminology-code>A18</terminology-code>
          </ccd:el-4716f056-aa09-46bf-a6e5-5e79e298217b>
        </ccd:el-f952a87c-55eb-4bf6-a6e3-7d847aef3745>
        <ccd:el-1f6a3050-20f5-44b9-9a42-90d164abc74f> <!-- DvAdapter -->
          <ccd:el-bab10fad-edd7-49e4-ad76-a83314314b0b> <!-- DvRatio -->
            <data-name>Test Ratio 2.4.5</data-name>
            <!-- Use any subtype of ExceptionalValue here when a value is missing-->
            <valid-time-begin>1978-02-03T05:08:58Z</valid-time-begin>
            <valid-time-end>2008-11-30T07:43:43Z</valid-time-end>
              <magnitude>-0.3154248376571674605092328751</magnitude>
            <mlhim245:magnitude-status>=</mlhim245:magnitude-status>
            <error>0</error>
            <accuracy>0</accuracy>
            <mlhim245:ratio-type>ratio</mlhim245:ratio-type>
            <numerator>-184613.84452111856080591678619384765625</numerator>
            <denominator>585286.32650601142086088657379150390625</denominator>
            <!-- Numerator Units -->
            <ccd:el-70d4b917-9f7c-4ffb-bfcf-a603c4938c10> <!-- DvString -->
              <data-name>CDC Race Code - Test 2.4.5</data-name>
              <!-- Use any subtype of ExceptionalValue here when a value is missing-->
              <valid-time-begin>1991-03-29T13:15:37Z</valid-time-begin>
              <valid-time-end>1983-11-20T04:07:39Z</valid-time-end>
              <DvString-dv>Default String</DvString-dv>
              <language>en-US</language>
            </ccd:el-70d4b917-9f7c-4ffb-bfcf-a603c4938c10>
            <!-- Denominator Units -->
            <ccd:el-fef4ff7b-148f-4318-bf22-2b715a2ac20b> <!-- DvString -->
              <data-name>bpm Test 2.4.5</data-name>
              <!-- Use any subtype of ExceptionalValue here when a value is missing-->
              <valid-time-begin>1974-08-26T21:35:57Z</valid-time-begin>
              <valid-time-end>1984-02-10T19:02:45Z</valid-time-end>
              <DvString-dv>Default String</DvString-dv>
              <language>en-US</language>
            </ccd:el-fef4ff7b-148f-4318-bf22-2b715a2ac20b>
            <!-- Ratio Units -->
          <!-- None Defined -->
          </ccd:el-bab10fad-edd7-49e4-ad76-a83314314b0b>
        </ccd:el-1f6a3050-20f5-44b9-9a42-90d164abc74f>
        <ccd:el-dcf8ef6f-fa9f-4dd3-b691-4f8b6e690a1b> <!-- DvAdapter -->
          <ccd:el-7120e227-5cf2-4cbd-ab30-5aa9e64bc200> <!-- DvTemporal -->
            <data-name>Date of most recent contact - Test 2.4.5</data-name>
            <!-- Use any subtype of ExceptionalValue here when a value is missing-->
            <valid-time-begin>1972-04-29T22:02:00Z</valid-time-begin>
            <valid-time-end>1971-02-18T00:32:59Z</valid-time-end>
            <dvtemporal-date>1976-05-26Z</dvtemporal-date>
          </ccd:el-7120e227-5cf2-4cbd-ab30-5aa9e64bc200>
        </ccd:el-dcf8ef6f-fa9f-4dd3-b691-4f8b6e690a1b>
      </ccd:el-15cf2dba-db7c-449d-8572-3508d139c3d3>
      <ccd:el-5dc444f0-0777-43dd-bedc-2cf2be0b067a> <!-- DvAdapter -->
        <ccd:el-05f705c4-7297-494f-a416-07e4ccf95d49> <!-- DvBoolean -->
          <data-name>Test DvBoolean for 2.4.5</data-name>
          <!-- Use any subtype of ExceptionalValue here when a value is missing-->
          <valid-time-begin>2013-12-20T17:29:52Z</valid-time-begin>
          <valid-time-end>1986-06-10T01:22:56Z</valid-time-end>
          <valid-true>Yes</valid-true>
        </ccd:el-05f705c4-7297-494f-a416-07e4ccf95d49>
      </ccd:el-5dc444f0-0777-43dd-bedc-2cf2be0b067a>
      <ccd:el-1557e8f1-cca6-42d5-a67c-7030e594ae83> <!-- DvAdapter -->
        <ccd:el-4e3b5bc7-1908-449c-90ab-72b23ac47462> <!-- DvString -->
          <data-name>Blood Pressure Device (Test 2.4.5)</data-name>
          <!-- Use any subtype of ExceptionalValue here when a value is missing-->
          <valid-time-begin>2014-04-24T05:15:28Z</valid-time-begin>
          <valid-time-end>2007-12-28T16:03:14Z</valid-time-end>
          <DvString-dv>Digital</DvString-dv>
          <language>en-US</language>
        </ccd:el-4e3b5bc7-1908-449c-90ab-72b23ac47462>
      </ccd:el-1557e8f1-cca6-42d5-a67c-7030e594ae83>
      <ccd:el-477711f6-38d0-4f4a-8148-a2ee45b8940a> <!-- DvAdapter -->
        <ccd:el-fdc67dd1-a796-40e6-b462-9b370ed3b323> <!-- DvString -->
          <data-name>Latitude (Decimal Format)</data-name>
          <!-- Use any subtype of ExceptionalValue here when a value is missing-->
          <valid-time-begin>1974-10-11T18:21:06Z</valid-time-begin>
          <valid-time-end>1994-10-01T17:01:07Z</valid-time-end>
          <DvString-dv>82.22335</DvString-dv>
          <language>en-US</language>
        </ccd:el-fdc67dd1-a796-40e6-b462-9b370ed3b323>
      </ccd:el-477711f6-38d0-4f4a-8148-a2ee45b8940a>
      <ccd:el-062891e4-ec9d-406c-bde5-72b150851778> <!-- DvAdapter -->
        <ccd:el-00fad715-e204-4505-8ff4-57e0c4bb3cc3> <!-- DvString -->
          <data-name>Longitude (Decimal Format)</data-name>
          <!-- Use any subtype of ExceptionalValue here when a value is missing-->
          <valid-time-begin>1985-12-03T08:50:06Z</valid-time-begin>
          <valid-time-end>1977-06-27T17:35:00Z</valid-time-end>
          <DvString-dv>33.733</DvString-dv>
          <language>en-US</language>
        </ccd:el-00fad715-e204-4505-8ff4-57e0c4bb3cc3>
      </ccd:el-062891e4-ec9d-406c-bde5-72b150851778>
      <ccd:el-ed052649-7ccc-49f7-8de4-54dd37227e3f> <!-- DvAdapter -->
        <ccd:el-9c65478e-5cdf-413b-aa54-ce0574e48374> <!-- DvString -->
          <data-name>Telephone Number (US)</data-name>
          <!-- Use any subtype of ExceptionalValue here when a value is missing-->
          <valid-time-begin>1983-10-29T03:34:31Z</valid-time-begin>
          <valid-time-end>2003-11-05T18:30:05Z</valid-time-end>
          <DvString-dv>111-111-1111</DvString-dv>
          <language>en-US</language>
        </ccd:el-9c65478e-5cdf-413b-aa54-ce0574e48374>
      </ccd:el-ed052649-7ccc-49f7-8de4-54dd37227e3f>
      <ccd:el-e966dcb1-f318-4181-8cbe-078e810a97bf> <!-- DvAdapter -->
        <ccd:el-a11f7b2d-4391-4177-989f-06cd48b7ec5b> <!-- DvOrdinal -->
          <data-name>Karnofsky Performance Status Score - Test 2.4.5</data-name>
          <!-- Use any subtype of ExceptionalValue here when a value is missing-->
          <valid-time-begin>1975-06-23T06:45:18Z</valid-time-begin>
          <valid-time-end>2016-10-16T11:03:58Z</valid-time-end>
          <normal-status>Normal, no complaints, no evidence of disease</normal-status>
          <DvOrdinal-dv>100</DvOrdinal-dv>
          <symbol>Normal, no complaints, no evidence of disease</symbol>
        </ccd:el-a11f7b2d-4391-4177-989f-06cd48b7ec5b>
      </ccd:el-e966dcb1-f318-4181-8cbe-078e810a97bf>
      <ccd:el-3cd5ac72-45ac-4779-86f6-44fc8fb464f2> <!-- DvAdapter -->
        <ccd:el-fd86d211-2d6a-47b1-b775-5549864056d1> <!-- DvCount -->
            <data-name>Age in years Test 2.4.5</data-name>
          <!-- Use any subtype of ExceptionalValue here when a value is missing-->
            <valid-time-begin>1974-01-09T07:12:57Z</valid-time-begin>
            <valid-time-end>1971-01-03T19:13:01Z</valid-time-end>
            <magnitude>39</magnitude>
            <mlhim245:magnitude-status>=</mlhim245:magnitude-status>
            <error>0</error>
            <accuracy>0</accuracy>
          <ccd:el-a354bc1c-b417-472c-a50c-c503c982dd01> <!-- DvString -->
            <data-name>year(s)</data-name>
            <!-- Use any subtype of ExceptionalValue here when a value is missing-->
            <valid-time-begin>1999-05-14T07:38:55Z</valid-time-begin>
            <valid-time-end>2008-11-13T22:52:21Z</valid-time-end>
            <DvString-dv>year(s)</DvString-dv>
            <language>en-US</language>
          </ccd:el-a354bc1c-b417-472c-a50c-c503c982dd01>
        </ccd:el-fd86d211-2d6a-47b1-b775-5549864056d1>
      </ccd:el-3cd5ac72-45ac-4779-86f6-44fc8fb464f2>
      <ccd:el-578ac11e-7a00-4678-9d8d-889056aecdac> <!-- DvAdapter -->
        <ccd:el-e66dc054-d696-45cf-9d34-f4b315213903> <!-- DvTemporal -->
          <data-name>Date of Death - Test 2.4.5</data-name>
          <!-- Use any subtype of ExceptionalValue here when a value is missing-->
          <valid-time-begin>2013-03-19T15:37:49Z</valid-time-begin>
          <valid-time-end>2002-09-29T12:40:19Z</valid-time-end>
          <dvtemporal-date>1999-08-05Z</dvtemporal-date>
        </ccd:el-e66dc054-d696-45cf-9d34-f4b315213903>
      </ccd:el-578ac11e-7a00-4678-9d8d-889056aecdac>
    </ccd:el-417807c0-0af3-4d54-8ebd-dace00d28f5c>
  </ccd:el-a0027045-e177-4117-a90e-dbb5e1526569>
</ccd:ccd-206943cb-c1d0-44a2-be42-f1f67f15e9f9>
